class10_percentage,class12_percentage,mathematics,physics,chemistry,entrance_score,academic_consistency,achievements_count,certifications_count,extracurricular_score,suitability_score,recommendation_label,category_code
82.97,92.27,82.45,70.51,81.11,79.8,90.7,1,0,62.88,82.08,Recommended,2
76.62,84.03,81.58,75.22,83.83,75.8,92.59,1,1,49.9,77.33,Recommended,2
84.48,82.61,74.03,78.69,83.36,56.11,98.13,2,2,90.71,74.24,Recommended,2
93.23,83.09,79.23,100.0,88.22,75.97,89.86,1,1,70.53,79.69,Recommended,2
75.66,81.55,62.22,87.65,68.78,81.3,94.11,3,0,99.12,76.75,Recommended,2
75.66,79.11,81.46,67.02,86.72,63.94,96.55,1,1,71.39,72.63,Recommended,2
93.79,95.82,91.87,96.93,65.11,100.0,97.98,2,0,72.43,87.73,Highly Recommended,3
85.67,88.05,77.87,71.16,80.58,87.22,97.62,3,2,55.53,83.48,Recommended,2
73.31,82.71,88.63,93.72,78.36,74.72,90.6,1,2,63.65,81.3,Recommended,2
83.43,77.12,87.21,74.27,85.77,79.03,93.69,2,0,46.62,74.73,Recommended,2
73.37,84.9,67.6,83.49,84.96,95.18,88.47,0,1,49.85,79.87,Recommended,2
73.34,75.92,69.31,91.4,64.57,81.9,97.42,1,0,81.12,74.77,Recommended,2
80.42,95.9,84.23,79.26,82.36,87.16,84.52,0,2,65.76,85.58,Highly Recommended,3
58.87,58.69,54.62,52.11,68.9,57.47,99.83,0,0,63.66,58.03,Review Required,1
60.75,79.41,87.85,74.75,80.21,82.83,81.34,1,0,58.89,82.16,Recommended,2
72.38,75.25,74.5,88.06,72.38,68.76,97.13,1,1,64.22,76.07,Recommended,2
67.87,65.3,66.33,55.52,66.59,42.39,97.43,0,2,87.0,60.08,Review Required,1
81.14,75.93,56.91,49.83,85.59,92.64,94.79,2,3,72.16,76.25,Recommended,2
68.92,68.68,77.86,68.57,68.53,75.48,99.76,1,3,52.3,68.31,Review Required,1
63.88,71.11,60.94,80.29,74.47,72.6,92.77,0,1,85.46,74.68,Recommended,2
92.66,92.04,89.63,100.0,100.0,86.97,99.39,0,0,95.88,88.26,Highly Recommended,3
75.74,71.43,76.35,70.37,61.34,65.29,95.69,0,1,77.42,69.27,Review Required,1
78.68,77.88,92.01,75.4,61.44,80.73,99.2,4,1,83.37,80.25,Recommended,2
63.75,84.76,70.49,95.87,92.48,57.91,78.99,2,2,88.31,74.45,Recommended,2
72.56,87.61,55.51,67.63,79.79,99.57,84.95,2,0,45.15,84.13,Recommended,2
79.11,81.87,83.24,78.42,79.49,66.23,97.24,1,1,97.96,77.03,Recommended,2
66.49,69.85,90.39,75.8,66.68,66.71,96.64,3,3,86.48,74.43,Recommended,2
81.76,81.19,93.28,86.33,79.61,79.51,99.43,3,0,77.33,81.99,Recommended,2
71.99,78.3,80.82,74.71,96.23,94.11,93.69,1,1,68.12,81.87,Recommended,2
75.08,67.38,65.62,72.51,80.84,68.37,92.29,2,0,49.94,67.06,Review Required,1
71.98,71.33,81.57,50.05,84.13,61.33,99.35,0,1,65.03,66.94,Review Required,1
96.52,77.22,68.18,72.47,65.35,88.21,80.69,3,0,76.73,73.46,Recommended,2
77.87,80.7,85.29,86.02,70.36,90.17,97.17,0,1,53.43,78.63,Recommended,2
67.42,75.37,81.58,67.94,49.86,84.24,92.05,2,2,68.95,77.34,Recommended,2
86.23,79.49,90.22,81.23,72.96,91.47,93.27,1,2,52.25,78.43,Recommended,2
65.79,81.65,100.0,86.62,92.09,100.0,84.15,0,0,64.23,86.19,Highly Recommended,3
80.09,69.26,75.87,70.05,79.26,99.27,89.17,1,2,49.71,75.18,Recommended,2
58.4,52.17,54.04,63.22,60.26,49.24,93.76,3,3,48.13,52.08,Low Recommendation,0
64.72,70.1,72.32,64.44,74.44,91.45,94.62,1,0,75.1,75.13,Recommended,2
79.97,87.35,67.83,84.08,79.51,81.67,92.61,0,1,61.3,78.28,Recommended,2
85.38,96.24,85.23,98.47,94.49,93.58,89.14,3,3,62.71,87.1,Highly Recommended,3
79.71,75.13,72.25,79.16,85.75,53.65,95.41,0,1,60.5,66.65,Review Required,1
76.84,85.42,78.82,78.93,68.93,78.65,91.42,0,0,100.0,77.06,Recommended,2
74.99,75.18,77.91,79.87,81.12,66.48,99.8,2,2,79.11,71.22,Recommended,2
63.21,65.87,61.18,78.25,81.12,75.76,97.35,1,0,80.72,71.59,Recommended,2
70.8,79.63,90.93,60.24,77.0,96.08,91.17,1,2,58.37,84.18,Recommended,2
73.39,79.59,79.7,92.31,88.13,53.82,93.8,1,2,77.57,68.45,Review Required,1
88.57,72.39,74.2,72.31,100.0,73.37,83.82,1,1,66.58,76.44,Recommended,2
81.44,91.82,85.58,93.53,88.39,99.42,89.62,3,0,58.25,88.33,Highly Recommended,3
60.37,76.3,78.78,90.38,82.82,74.79,84.07,1,1,98.94,75.24,Recommended,2
81.24,74.86,84.4,63.69,70.53,87.45,93.62,2,0,78.59,75.21,Recommended,2
74.15,78.07,69.88,72.56,81.9,78.4,96.08,0,1,77.84,75.41,Recommended,2
71.23,76.81,71.03,75.88,83.84,78.24,94.42,2,4,55.42,80.05,Recommended,2
84.12,83.97,79.94,75.94,86.05,77.31,99.85,1,1,50.95,74.03,Recommended,2
88.31,80.41,66.85,98.64,71.48,59.31,92.1,0,1,69.14,65.96,Review Required,1
87.31,78.75,70.87,71.55,82.61,61.39,91.43,1,0,61.4,70.36,Recommended,2
69.61,71.52,68.88,69.51,90.26,79.67,98.09,2,1,79.19,75.26,Recommended,2
74.91,84.82,92.36,86.42,89.16,86.1,90.09,1,2,80.19,84.46,Recommended,2
81.31,84.27,85.83,71.97,93.92,81.38,97.04,1,2,70.98,82.35,Recommended,2
87.76,81.46,83.03,78.07,80.03,75.71,93.71,1,0,82.42,74.87,Recommended,2
73.21,80.42,88.82,84.47,89.18,79.03,92.79,1,1,72.9,77.37,Recommended,2
76.14,53.51,58.76,59.13,66.18,72.47,77.37,0,0,56.92,60.47,Review Required,1
66.94,79.05,83.19,79.4,71.24,75.87,87.89,1,3,67.03,80.64,Recommended,2
66.04,55.31,60.45,58.42,67.8,45.21,89.27,1,1,72.04,55.5,Review Required,1
86.13,80.39,82.94,66.13,71.75,89.26,94.26,1,1,83.93,81.75,Recommended,2
91.56,78.14,72.77,82.91,73.8,72.91,86.57,1,1,73.37,71.42,Recommended,2
77.28,66.74,45.67,89.27,74.28,60.34,89.46,1,0,61.43,64.14,Review Required,1
88.04,93.91,89.09,90.92,93.83,100.0,94.12,2,1,84.49,89.22,Highly Recommended,3
81.62,76.39,91.52,80.73,67.05,81.92,94.77,1,0,75.71,82.55,Recommended,2
71.55,75.86,86.15,85.03,89.12,83.27,95.69,1,1,93.19,77.5,Recommended,2
81.61,79.75,89.47,68.13,86.95,68.54,98.14,2,0,71.31,73.12,Recommended,2
93.38,92.18,100.0,100.0,82.64,89.24,98.8,1,1,54.44,84.93,Recommended,2
77.64,77.96,79.36,81.6,64.64,85.24,99.68,2,1,87.65,79.3,Recommended,2
93.65,78.29,80.69,96.12,78.79,59.93,84.64,0,1,61.35,71.94,Recommended,2
51.8,67.23,64.25,64.73,68.26,70.0,84.57,1,1,74.43,70.43,Recommended,2
86.22,79.4,76.39,98.76,82.13,78.53,93.18,0,3,72.79,80.62,Recommended,2
78.87,65.76,75.48,78.78,68.08,71.99,86.89,1,0,70.68,66.98,Review Required,1
75.01,72.08,86.1,80.99,55.94,90.72,97.07,2,1,67.45,80.3,Recommended,2
78.92,90.25,86.29,90.51,84.49,89.63,88.67,0,3,45.22,82.11,Recommended,2
58.12,70.49,68.36,71.86,71.88,88.28,87.64,1,3,54.97,72.33,Recommended,2
75.8,73.27,74.96,88.3,83.16,62.37,97.47,2,0,86.83,71.57,Recommended,2
81.57,77.31,83.99,80.52,72.59,81.15,95.73,1,1,76.43,74.95,Recommended,2
92.78,85.37,69.59,65.09,100.0,78.0,92.59,2,2,98.64,81.82,Recommended,2
72.82,90.59,64.98,77.24,69.48,64.39,82.23,1,1,54.43,79.12,Recommended,2
69.92,75.0,70.74,75.64,91.11,84.77,94.92,1,0,69.54,75.82,Recommended,2
72.98,77.53,65.94,82.37,77.48,100.0,95.45,1,0,87.45,80.39,Recommended,2
87.15,92.25,84.11,89.01,98.33,85.34,94.9,0,0,61.51,85.0,Highly Recommended,3
81.29,81.81,79.88,94.46,83.43,85.74,99.48,0,1,62.72,79.92,Recommended,2
72.7,71.82,69.33,55.76,87.23,72.47,99.12,0,1,65.6,70.42,Recommended,2
83.13,79.62,94.24,82.17,77.27,75.98,96.49,0,1,63.32,74.68,Recommended,2
78.97,77.71,81.55,61.21,68.85,56.85,98.74,2,0,77.98,69.56,Review Required,1
87.69,84.08,86.07,91.46,98.38,74.59,96.4,0,0,43.3,83.77,Recommended,2
70.98,78.51,85.1,79.01,79.25,63.74,92.47,2,1,94.64,69.1,Review Required,1
74.72,75.72,65.4,82.2,80.71,91.9,99.0,0,2,55.61,75.1,Recommended,2
74.08,80.72,90.93,72.86,94.23,82.28,93.36,0,1,38.24,77.75,Recommended,2
63.36,66.71,69.27,84.49,62.04,65.24,96.66,0,3,69.85,68.59,Review Required,1
80.96,80.3,86.93,91.63,87.56,92.56,99.34,0,1,64.34,85.94,Highly Recommended,3
80.61,63.44,56.86,75.24,64.24,49.66,82.83,1,0,67.33,60.51,Review Required,1
78.05,84.97,68.19,83.18,83.46,67.06,93.08,1,0,74.69,70.57,Recommended,2
75.65,78.73,87.23,85.91,81.26,82.2,96.92,3,0,79.67,78.48,Recommended,2
63.85,75.68,80.52,70.9,63.46,89.82,88.17,1,0,95.3,76.3,Recommended,2
73.79,51.49,49.59,69.6,54.22,61.45,77.69,2,1,59.65,55.69,Review Required,1
74.57,91.91,80.23,100.0,100.0,86.84,82.66,2,3,81.61,87.39,Highly Recommended,3
69.98,70.87,84.4,85.31,84.05,78.05,99.11,0,0,80.63,72.15,Recommended,2
76.39,85.34,72.11,77.44,84.4,82.78,91.05,0,1,30.39,76.77,Recommended,2
82.04,72.11,90.51,79.09,78.47,82.47,90.07,1,0,57.5,77.69,Recommended,2
96.86,95.71,82.77,79.06,89.14,74.03,98.84,1,0,50.7,79.99,Recommended,2
79.75,70.39,79.18,80.0,88.43,75.38,90.65,1,0,76.72,73.01,Recommended,2
80.58,74.41,72.52,81.59,75.6,60.89,93.84,1,1,75.07,73.68,Recommended,2
77.26,92.39,95.33,70.98,92.14,91.06,84.86,2,1,75.37,92.36,Highly Recommended,3
58.81,62.64,61.54,57.23,81.06,58.91,96.17,0,1,65.42,55.86,Review Required,1
77.73,79.15,77.74,77.58,73.05,100.0,98.58,2,0,66.93,83.11,Recommended,2
78.6,84.98,84.15,81.48,100.0,82.17,93.62,2,0,69.57,89.2,Highly Recommended,3
99.0,96.27,82.18,80.29,77.16,69.53,97.27,0,3,63.98,81.82,Recommended,2
76.08,77.46,85.5,83.11,95.97,78.57,98.62,1,1,81.66,78.96,Recommended,2
81.02,82.63,76.84,85.36,79.46,85.02,98.38,1,1,53.96,83.14,Recommended,2
77.65,96.58,90.15,90.67,90.25,100.0,81.07,1,1,58.27,92.0,Highly Recommended,3
66.31,68.96,61.78,65.71,54.99,60.22,97.35,1,1,71.82,65.49,Review Required,1
89.43,87.21,59.78,96.53,81.75,54.81,97.78,0,1,64.48,71.09,Recommended,2
85.52,91.27,86.54,100.0,78.66,95.93,94.25,0,0,53.37,88.51,Highly Recommended,3
85.91,91.98,100.0,84.55,83.47,75.23,93.93,0,2,77.98,85.0,Highly Recommended,3
68.91,80.73,88.39,75.39,80.52,77.42,88.18,0,1,61.42,79.56,Recommended,2
92.03,92.53,89.2,94.68,99.5,84.6,99.5,0,3,57.33,85.67,Highly Recommended,3
63.98,58.64,61.35,62.47,68.95,62.16,94.66,1,0,67.38,59.52,Review Required,1
83.87,94.78,91.31,89.95,94.52,97.7,89.09,1,1,56.6,85.78,Highly Recommended,3
99.0,83.13,87.82,90.59,72.57,75.18,84.13,1,3,69.49,78.0,Recommended,2
68.09,73.09,63.01,57.07,67.89,66.15,95.01,0,0,64.6,68.76,Review Required,1
72.34,67.6,81.84,85.5,90.96,74.61,95.26,1,0,62.31,73.91,Recommended,2
79.0,77.78,85.49,80.18,72.54,82.11,98.79,3,1,62.4,75.72,Recommended,2
72.97,76.71,84.71,74.58,95.72,80.74,96.26,1,0,84.93,73.66,Recommended,2
62.49,69.32,76.37,72.63,71.7,78.51,93.18,1,2,75.54,72.28,Recommended,2
78.69,81.46,81.29,81.64,82.41,90.22,97.23,0,3,44.36,83.43,Recommended,2
67.38,83.07,89.03,65.84,94.19,88.55,84.3,1,0,83.24,81.11,Recommended,2
82.74,84.54,89.33,99.13,97.21,89.99,98.19,1,1,77.75,82.84,Recommended,2
68.81,69.21,68.37,73.86,72.96,51.04,99.59,1,0,76.86,62.04,Review Required,1
93.5,96.16,86.39,96.74,88.51,88.62,97.34,1,1,83.32,90.14,Highly Recommended,3
70.17,81.63,82.24,91.66,81.95,86.3,88.53,1,1,70.23,84.63,Recommended,2
74.78,65.52,84.63,60.66,74.94,83.81,90.75,2,3,79.3,72.83,Recommended,2
86.14,88.07,73.66,91.39,95.8,71.39,98.06,2,2,63.03,81.88,Recommended,2
65.69,74.59,61.27,74.54,77.77,61.44,91.1,1,1,82.71,70.44,Recommended,2
80.27,76.81,79.26,87.24,85.42,70.54,96.54,2,0,73.27,71.99,Recommended,2
91.07,97.76,93.83,72.16,100.0,98.07,93.32,0,0,49.35,93.57,Highly Recommended,3
61.93,65.15,70.59,69.61,75.11,81.7,96.78,1,0,85.55,72.32,Recommended,2
79.85,79.9,82.36,74.9,84.45,75.01,99.95,1,0,68.07,73.42,Recommended,2
80.6,78.03,76.29,83.95,64.87,87.63,97.44,2,0,65.98,82.98,Recommended,2
85.82,83.2,97.3,87.94,57.27,88.68,97.38,2,0,63.36,82.74,Recommended,2
65.63,60.17,49.12,60.04,71.8,57.22,94.54,0,1,64.46,53.22,Low Recommendation,0
64.8,56.84,54.34,57.66,64.7,56.93,92.04,0,1,73.44,55.43,Review Required,1
83.22,94.01,89.47,89.7,85.78,97.35,89.21,0,3,55.19,87.26,Highly Recommended,3
80.97,72.9,58.25,67.07,79.01,71.37,91.93,1,0,46.47,66.29,Review Required,1
80.5,71.42,71.81,83.42,74.96,99.6,90.92,0,4,54.03,78.29,Recommended,2
81.46,62.8,83.71,65.27,80.98,63.38,81.33,1,1,75.73,65.43,Review Required,1
71.2,67.73,71.0,43.34,73.92,76.71,96.53,1,1,67.57,67.56,Review Required,1
80.32,68.64,73.79,69.3,66.21,65.62,88.32,0,1,86.7,67.44,Review Required,1
80.93,92.79,76.99,79.57,100.0,72.48,88.14,1,0,69.03,81.85,Recommended,2
70.86,80.68,74.34,65.16,79.69,76.88,90.18,3,2,82.64,74.31,Recommended,2
96.66,85.16,80.11,72.23,90.17,82.76,88.5,3,0,59.61,82.97,Recommended,2
82.74,98.94,91.03,95.35,89.5,100.0,83.8,0,0,63.47,89.64,Highly Recommended,3
66.09,77.11,90.65,92.27,72.94,79.9,88.97,0,3,70.14,80.33,Recommended,2
84.57,79.6,85.27,83.85,81.97,67.39,95.03,1,2,67.8,79.24,Recommended,2
68.25,50.78,46.97,54.48,61.66,57.38,82.53,1,1,66.39,53.05,Low Recommendation,0
85.87,99.0,96.72,98.86,99.12,68.39,86.87,1,2,56.92,85.45,Highly Recommended,3
89.59,74.59,80.93,72.62,75.04,76.1,85.01,1,0,46.22,70.34,Recommended,2
69.79,58.69,75.42,59.14,48.55,68.84,88.9,1,0,79.47,62.12,Review Required,1
87.63,92.52,100.0,78.22,85.59,100.0,95.11,3,1,77.79,95.4,Highly Recommended,3
82.13,99.0,84.1,76.78,100.0,99.92,83.13,1,0,60.79,92.81,Highly Recommended,3
86.22,94.43,82.71,87.2,88.24,79.81,91.79,1,2,75.68,85.59,Highly Recommended,3
96.97,95.39,78.97,93.35,89.4,82.93,98.42,3,3,67.5,81.39,Recommended,2
75.55,80.64,78.14,80.48,91.7,69.32,94.91,0,1,86.59,74.09,Recommended,2
70.46,79.15,84.03,76.25,73.7,66.73,91.31,0,1,50.32,76.84,Recommended,2
69.1,77.44,87.96,69.75,64.23,84.88,91.66,1,0,68.1,78.57,Recommended,2
69.84,74.14,74.84,82.98,75.81,59.31,95.7,0,1,66.9,70.19,Recommended,2
77.23,77.89,75.22,66.35,75.13,71.27,99.34,1,2,72.42,73.49,Recommended,2
81.41,79.49,81.13,88.4,71.39,67.31,98.08,0,1,93.06,73.67,Recommended,2
80.77,73.51,66.78,66.43,75.23,77.71,92.74,0,0,68.14,72.47,Recommended,2
86.27,81.14,100.0,74.28,87.09,100.0,94.87,0,2,81.15,83.26,Recommended,2
78.13,64.15,52.03,55.24,70.53,45.85,86.02,3,1,67.78,52.28,Low Recommendation,0
92.54,86.99,87.09,80.88,89.22,62.39,94.45,0,0,86.06,74.98,Recommended,2
75.35,67.84,91.12,82.24,91.26,77.08,92.49,2,0,81.29,75.75,Recommended,2
99.0,83.47,82.67,88.59,80.33,81.65,84.47,4,1,65.0,76.69,Recommended,2
84.26,83.42,80.66,93.18,86.51,83.26,99.16,0,1,63.92,81.63,Recommended,2
69.43,82.74,78.48,88.14,78.17,74.13,86.69,1,2,77.3,75.23,Recommended,2
67.29,77.45,76.28,68.18,71.2,74.09,89.84,2,0,60.17,70.75,Recommended,2
82.82,68.41,85.04,69.58,67.67,80.79,85.59,2,3,72.86,76.82,Recommended,2
75.77,68.12,48.97,64.88,68.53,74.32,92.35,1,1,64.66,66.38,Review Required,1
85.14,90.12,100.0,100.0,91.88,67.59,95.02,0,0,75.52,80.03,Recommended,2
82.73,73.05,60.55,64.17,100.0,64.01,90.32,1,1,67.58,68.35,Review Required,1
77.27,75.29,73.8,86.64,71.04,77.2,98.02,0,0,59.61,70.5,Recommended,2
69.53,76.07,72.76,87.18,74.56,63.52,93.46,0,0,86.58,72.34,Recommended,2
62.85,59.25,70.32,84.77,66.66,87.6,96.4,2,0,73.59,74.48,Recommended,2
73.53,75.32,60.51,73.63,82.17,61.7,98.22,2,1,69.2,69.95,Review Required,1
86.56,72.92,79.31,83.17,79.22,75.4,86.36,2,0,76.3,79.61,Recommended,2
80.14,74.29,95.96,99.82,90.36,89.77,94.15,1,0,44.93,76.88,Recommended,2
65.54,71.44,59.95,68.83,51.31,60.46,94.1,1,0,100.0,65.7,Review Required,1
79.73,66.07,71.45,55.9,48.06,47.85,86.34,2,1,70.37,55.42,Review Required,1
81.85,83.82,76.25,64.87,79.04,73.88,98.03,0,1,40.55,74.07,Recommended,2
69.16,71.26,77.7,82.01,86.43,86.94,97.91,2,0,87.96,77.99,Recommended,2
79.54,83.1,82.51,64.34,67.85,77.2,96.44,1,2,58.73,82.08,Recommended,2
78.58,79.8,73.43,77.14,51.19,66.14,98.78,3,2,85.66,72.3,Recommended,2
66.57,80.51,85.26,85.73,87.46,92.42,86.06,1,3,71.82,83.23,Recommended,2
81.58,81.11,98.87,83.63,84.59,83.02,99.53,2,1,46.44,83.88,Recommended,2
83.61,78.09,76.66,83.92,69.2,70.78,94.48,2,0,73.92,73.9,Recommended,2
88.83,86.16,91.82,87.53,75.73,87.98,97.33,1,0,72.82,88.92,Highly Recommended,3
88.54,89.32,74.06,100.0,78.04,89.6,99.22,0,0,87.28,87.07,Highly Recommended,3
64.22,68.35,61.7,63.32,74.58,95.6,95.88,1,2,77.83,77.31,Recommended,2
68.62,71.36,78.24,68.18,69.26,84.77,97.26,0,0,51.41,69.02,Review Required,1
83.15,75.59,91.53,70.19,83.34,95.77,92.44,1,2,85.03,87.54,Highly Recommended,3
83.14,75.89,80.48,86.43,50.06,71.48,92.76,2,3,63.79,71.52,Recommended,2
83.15,69.98,69.36,82.99,66.02,58.43,86.83,0,1,95.8,66.85,Review Required,1
99.0,99.0,94.24,98.81,83.06,93.05,100.0,2,1,64.68,90.34,Highly Recommended,3
83.71,71.65,61.23,86.99,73.16,69.44,87.94,1,0,66.83,66.77,Review Required,1
89.36,80.01,86.05,69.22,76.02,68.48,90.65,1,0,57.67,70.38,Recommended,2
87.54,78.53,87.72,96.64,88.38,79.4,90.99,0,1,62.52,79.62,Recommended,2
84.51,89.32,82.47,100.0,69.14,88.51,95.19,0,0,58.56,79.44,Recommended,2
74.85,73.03,70.07,83.48,77.12,76.57,98.19,3,0,87.65,73.77,Recommended,2
85.59,92.89,92.33,100.0,95.75,95.14,92.69,1,3,50.03,92.95,Highly Recommended,3
70.27,66.8,65.73,55.2,90.99,71.51,96.53,1,1,82.07,69.74,Review Required,1
75.63,78.17,77.97,74.48,75.34,71.37,97.46,1,1,82.43,75.46,Recommended,2
73.15,67.52,91.64,64.91,76.16,72.5,94.37,1,1,90.66,69.9,Review Required,1
78.82,95.33,89.03,98.95,73.79,74.36,83.48,1,1,70.66,79.63,Recommended,2
99.0,82.8,78.52,72.46,59.38,100.0,83.8,1,1,54.6,84.77,Recommended,2
59.33,67.01,63.78,79.48,81.01,67.48,92.32,1,1,67.42,66.4,Review Required,1
84.86,87.47,93.05,99.94,86.43,84.51,97.39,1,0,78.92,85.47,Highly Recommended,3
61.87,69.62,70.4,80.69,86.13,59.86,92.25,3,0,71.27,67.11,Review Required,1
73.28,72.81,68.12,78.81,62.78,100.0,99.53,2,1,75.5,81.24,Recommended,2
88.89,84.18,96.35,74.05,89.44,74.33,95.29,1,2,90.48,85.26,Highly Recommended,3
78.64,78.4,93.0,71.41,99.0,78.41,99.76,0,1,78.73,82.73,Recommended,2
67.22,68.88,65.66,85.71,78.04,73.8,98.34,0,1,72.98,65.08,Review Required,1
70.85,80.3,61.56,89.01,84.37,78.95,90.54,0,2,42.33,74.46,Recommended,2
84.8,99.0,100.0,93.91,94.41,100.0,85.8,4,0,58.24,91.02,Highly Recommended,3
70.7,68.03,64.17,68.44,57.55,89.57,97.33,3,0,63.93,75.01,Recommended,2
80.16,68.16,79.02,52.45,86.9,79.95,87.99,3,1,40.34,70.73,Recommended,2
78.46,77.21,58.21,68.34,73.4,56.5,98.76,0,0,53.36,66.71,Review Required,1
71.48,93.68,99.18,100.0,95.74,89.06,77.81,1,1,65.97,88.48,Highly Recommended,3
99.0,85.87,72.29,72.3,69.76,81.96,86.87,3,3,68.41,76.23,Recommended,2
84.34,95.15,98.67,93.5,79.91,100.0,89.19,2,0,77.59,90.53,Highly Recommended,3
57.75,76.85,77.78,88.87,93.61,60.08,80.9,2,1,66.92,67.76,Review Required,1
79.86,74.48,66.32,64.58,74.17,85.75,94.61,1,0,73.72,71.4,Recommended,2
71.38,77.52,74.07,81.11,94.25,77.79,93.86,2,0,63.73,72.54,Recommended,2
86.52,96.59,99.31,100.0,91.9,100.0,89.93,0,0,70.63,91.25,Highly Recommended,3
70.07,69.02,72.82,73.44,55.51,70.51,98.94,1,0,76.76,66.16,Review Required,1
76.85,75.17,82.22,100.0,87.04,67.85,98.32,0,1,92.09,76.65,Recommended,2
83.05,76.48,97.13,61.85,73.11,93.45,93.43,1,0,62.28,81.39,Recommended,2
86.66,75.54,61.01,88.47,85.36,77.48,88.88,1,2,72.16,75.33,Recommended,2
66.0,64.0,84.17,68.07,70.77,85.94,98.01,1,0,83.04,76.62,Recommended,2
74.65,65.47,70.14,78.55,56.09,69.08,90.81,0,3,48.41,66.06,Review Required,1
73.25,74.55,66.92,81.6,79.34,64.39,98.7,0,0,99.97,68.94,Review Required,1
71.47,66.87,56.85,64.48,94.43,45.78,95.4,2,1,87.69,66.19,Review Required,1
95.65,91.83,86.98,91.57,94.37,96.36,96.17,3,3,44.33,91.35,Highly Recommended,3
82.05,67.99,80.21,54.01,72.66,79.36,85.94,1,0,75.57,71.32,Recommended,2
65.39,71.42,72.29,81.03,86.32,60.9,93.97,2,2,61.53,68.83,Review Required,1
87.18,90.69,100.0,91.47,90.78,84.81,96.49,0,0,64.04,87.22,Highly Recommended,3
99.0,76.35,62.75,84.83,81.01,65.04,77.35,0,0,75.26,69.43,Review Required,1
88.32,87.82,85.74,97.05,75.8,66.63,99.5,2,1,85.76,79.76,Recommended,2
62.81,76.79,65.07,82.43,81.55,61.93,86.02,1,2,63.01,70.73,Recommended,2
73.16,64.53,72.04,71.65,81.24,56.02,91.38,1,2,63.21,61.74,Review Required,1
90.67,99.0,100.0,85.49,85.96,89.65,91.67,1,1,75.58,86.67,Highly Recommended,3
70.92,76.0,72.79,71.08,92.92,65.65,94.92,2,1,78.58,66.61,Review Required,1
82.44,75.07,50.26,89.41,77.13,45.61,92.63,2,1,54.89,64.64,Review Required,1
85.75,82.58,83.92,97.17,74.27,100.0,96.83,1,0,95.86,83.39,Recommended,2
68.73,75.58,81.05,75.52,88.37,92.68,93.15,3,1,60.35,81.42,Recommended,2
77.4,77.79,82.39,79.91,77.03,69.72,99.61,1,2,84.47,72.21,Recommended,2
50.0,62.31,79.09,59.57,76.97,74.83,87.69,1,1,76.78,65.52,Review Required,1
67.76,63.06,56.59,80.87,66.97,67.87,95.31,0,0,79.09,63.27,Review Required,1
75.47,77.19,84.69,85.69,78.89,94.04,98.29,1,2,60.64,82.5,Recommended,2
65.52,57.56,75.09,84.7,71.07,58.24,92.03,0,1,44.14,58.41,Review Required,1
94.32,88.14,68.32,77.91,89.84,90.69,93.81,3,1,69.68,81.64,Recommended,2
63.7,60.36,68.46,63.47,48.09,59.95,96.66,1,2,69.74,60.88,Review Required,1
73.6,68.64,66.43,75.36,62.46,53.0,95.04,0,2,55.63,59.4,Review Required,1
79.31,88.4,85.49,93.35,96.41,93.25,90.9,1,1,83.77,91.41,Highly Recommended,3
92.41,96.42,95.79,90.34,91.24,100.0,95.99,0,0,69.23,88.37,Highly Recommended,3
63.64,72.42,69.44,66.97,71.01,100.0,91.22,0,1,57.86,77.24,Recommended,2
89.63,77.0,71.0,87.72,65.78,59.8,87.37,0,2,78.78,72.97,Recommended,2
78.1,75.14,76.7,84.81,67.3,84.12,97.04,0,2,79.17,73.96,Recommended,2
68.18,80.43,69.45,72.14,61.48,70.04,87.75,1,1,59.25,71.37,Recommended,2
82.62,81.97,70.62,95.93,81.73,85.43,99.35,0,1,88.5,81.56,Recommended,2
79.99,97.55,99.95,100.0,87.35,76.36,82.44,0,1,100.0,86.02,Highly Recommended,3
72.0,76.55,65.92,79.92,69.38,56.83,95.45,2,1,53.65,66.88,Review Required,1
78.7,79.63,86.38,81.53,80.46,72.09,99.07,2,0,67.24,77.77,Recommended,2
74.15,72.43,78.95,81.24,79.89,76.5,98.28,0,1,75.06,73.2,Recommended,2
79.14,79.46,62.34,72.01,100.0,64.03,99.67,1,1,100.0,74.46,Recommended,2
84.62,81.02,73.99,82.01,66.97,84.91,96.39,1,1,58.99,79.15,Recommended,2
93.86,94.37,100.0,69.53,100.0,100.0,99.49,1,0,55.91,89.5,Highly Recommended,3
65.62,76.59,67.63,87.38,88.81,79.88,89.03,0,1,55.8,78.19,Recommended,2
99.0,86.01,79.87,69.59,77.7,100.0,87.01,2,2,88.32,84.03,Recommended,2
58.48,53.29,64.58,77.33,65.27,67.14,94.81,1,0,59.38,63.5,Review Required,1
76.48,61.85,74.22,64.99,64.48,54.82,85.37,0,3,57.25,58.92,Review Required,1
83.88,85.78,81.82,82.93,87.19,98.4,98.1,0,1,73.46,85.6,Highly Recommended,3
80.81,70.74,67.08,68.24,90.19,62.87,89.93,1,2,74.62,67.36,Review Required,1
71.77,56.02,76.24,61.33,71.15,78.83,84.24,0,1,86.07,67.83,Review Required,1
75.92,79.25,96.83,94.66,85.98,100.0,96.67,1,1,71.38,81.25,Recommended,2
73.07,94.09,100.0,65.99,86.68,98.12,78.98,1,1,73.73,90.74,Highly Recommended,3
72.11,73.43,75.92,89.17,62.09,56.79,98.68,1,2,68.42,67.97,Review Required,1
86.5,90.26,79.61,91.56,86.29,71.93,96.24,1,0,50.44,80.13,Recommended,2
81.57,80.75,72.26,69.46,93.98,92.08,99.18,2,1,67.01,82.18,Recommended,2
71.07,71.96,79.19,64.62,60.66,73.43,99.11,0,1,70.94,71.87,Recommended,2
87.0,91.25,92.62,100.0,78.5,89.5,95.75,2,1,63.34,82.67,Recommended,2
81.07,77.43,92.09,69.75,80.91,91.91,96.36,1,0,46.53,77.6,Recommended,2
86.13,85.43,90.58,73.27,75.25,93.76,99.3,2,0,52.98,84.75,Recommended,2
84.3,84.58,68.4,95.58,76.59,79.54,99.72,2,1,69.41,79.87,Recommended,2
69.71,66.45,80.36,74.9,67.95,71.22,96.74,0,2,83.99,68.25,Review Required,1
72.4,81.62,71.23,72.75,68.84,72.39,90.78,3,1,95.23,77.07,Recommended,2
85.47,81.43,77.23,84.17,72.63,88.76,95.96,0,1,67.24,79.84,Recommended,2
84.1,75.83,79.37,67.82,85.6,83.72,91.72,2,1,59.25,78.67,Recommended,2
77.79,81.75,100.0,93.23,69.51,84.61,96.05,1,1,64.41,85.71,Highly Recommended,3
79.17,71.23,100.0,85.48,59.46,96.48,92.06,1,1,54.3,81.62,Recommended,2
90.78,86.77,91.14,91.06,79.7,84.62,95.99,5,1,81.82,86.4,Highly Recommended,3
72.08,73.39,73.21,79.99,84.22,63.42,98.7,1,2,100.0,70.0,Review Required,1
83.47,90.12,92.93,100.0,86.31,79.11,93.35,1,2,59.61,86.61,Highly Recommended,3
75.98,79.98,88.86,80.98,76.74,70.79,96.0,3,1,52.12,76.32,Recommended,2
75.82,75.88,73.7,66.29,79.04,71.56,99.95,0,1,85.1,71.94,Recommended,2
88.99,91.83,100.0,93.78,71.99,100.0,97.15,1,1,74.77,88.4,Highly Recommended,3
86.25,94.5,93.18,100.0,96.21,80.41,91.75,1,0,75.02,85.88,Highly Recommended,3
86.14,87.76,90.8,76.28,90.51,88.68,98.38,1,1,93.82,83.07,Recommended,2
91.05,86.82,91.78,82.16,81.95,78.56,95.77,2,0,49.5,82.69,Recommended,2
78.21,67.25,74.66,76.24,82.79,68.64,89.04,0,5,49.08,71.76,Recommended,2
84.82,73.85,83.78,76.16,65.94,59.93,89.03,0,1,67.57,71.09,Recommended,2
74.9,72.99,68.57,66.27,87.91,68.97,98.09,2,0,70.95,76.46,Recommended,2
81.24,74.99,70.66,88.71,79.54,70.94,93.75,1,1,64.68,71.63,Recommended,2
76.7,75.19,65.39,100.0,74.77,77.72,98.49,1,0,100.0,77.81,Recommended,2
78.97,78.73,83.44,82.07,80.34,82.55,99.76,2,2,65.35,76.17,Recommended,2
83.95,86.0,92.29,76.16,84.41,71.94,97.95,1,2,61.74,78.44,Recommended,2
69.82,71.31,78.06,59.43,87.69,87.76,98.51,2,2,71.87,72.53,Recommended,2
98.92,96.14,100.0,94.88,81.61,95.98,97.21,0,2,84.56,94.13,Highly Recommended,3
67.94,71.07,73.25,85.79,67.7,75.11,96.87,3,2,59.12,71.58,Recommended,2
65.86,53.3,66.66,67.06,73.6,62.87,87.44,0,0,67.8,54.76,Low Recommendation,0
89.58,78.19,67.73,79.71,74.22,67.15,88.61,3,4,84.99,71.12,Recommended,2
85.92,81.99,77.62,76.5,91.76,81.46,96.07,0,1,85.82,84.1,Recommended,2
84.24,72.29,81.17,64.68,93.15,82.09,88.05,2,0,73.26,76.4,Recommended,2
84.28,86.8,93.59,94.11,82.0,66.19,97.49,1,2,100.0,82.39,Recommended,2
77.88,89.76,84.38,96.97,94.85,78.19,88.12,0,1,99.71,84.6,Recommended,2
69.03,81.07,80.09,66.29,70.59,76.4,87.96,0,0,48.91,73.88,Recommended,2
78.76,76.42,62.14,94.39,86.52,73.5,97.67,0,0,44.62,72.89,Recommended,2
71.23,84.79,80.02,90.09,86.65,95.24,86.44,1,0,81.94,86.02,Highly Recommended,3
87.75,85.62,93.12,98.93,89.95,77.23,97.86,1,0,90.48,80.68,Recommended,2
76.53,73.87,81.16,63.29,70.78,71.04,97.34,0,1,66.63,73.15,Recommended,2
69.75,66.91,75.19,58.18,55.89,65.69,97.17,0,0,62.47,67.82,Review Required,1
74.79,72.93,75.2,74.56,81.63,64.63,98.14,1,1,57.7,69.05,Review Required,1
82.13,77.39,78.11,84.2,58.99,73.03,95.26,0,0,52.48,71.7,Recommended,2
72.36,75.02,69.66,95.48,74.84,82.12,97.35,3,2,87.05,75.93,Recommended,2
69.78,73.13,81.84,83.25,86.14,64.34,96.65,0,0,64.28,75.55,Recommended,2
80.44,79.33,83.71,78.1,82.86,85.35,98.89,1,3,74.53,79.22,Recommended,2
80.45,82.81,87.03,72.7,100.0,62.51,97.64,1,1,42.61,75.56,Recommended,2
72.93,83.58,77.42,95.8,94.08,72.66,89.35,1,0,85.03,78.47,Recommended,2
73.29,81.9,59.89,72.68,76.15,67.76,91.39,3,1,78.82,71.69,Recommended,2
80.32,67.35,81.48,88.43,73.07,94.63,87.02,2,0,49.83,75.46,Recommended,2
63.52,50.0,52.71,57.16,60.53,52.79,86.48,3,2,73.89,51.13,Low Recommendation,0
63.93,75.22,67.79,93.56,62.33,45.79,88.7,2,1,70.07,66.56,Review Required,1
70.82,61.64,73.16,74.93,59.51,44.93,90.82,1,1,63.25,55.87,Review Required,1
75.87,74.31,71.81,75.65,71.92,73.86,98.44,3,0,30.0,72.19,Recommended,2
81.11,70.42,83.41,69.1,54.52,83.9,89.31,0,1,60.1,73.54,Recommended,2
92.75,73.51,81.3,73.05,77.46,81.43,80.76,2,1,74.54,77.37,Recommended,2
86.58,87.94,92.79,90.84,84.31,89.3,98.64,0,0,61.77,84.09,Recommended,2
76.4,82.55,68.26,83.56,66.41,89.27,93.85,2,1,66.67,82.5,Recommended,2
77.81,72.85,86.76,70.06,80.58,72.37,95.04,1,0,92.45,73.6,Recommended,2
67.97,50.0,60.11,58.34,68.16,69.78,82.03,1,4,68.84,66.17,Review Required,1
77.81,73.1,71.13,76.96,78.98,53.11,95.29,0,1,38.55,60.67,Review Required,1
75.11,78.71,80.47,58.81,77.28,67.81,96.4,1,1,67.23,78.07,Recommended,2
81.23,68.03,53.26,77.2,79.17,41.83,86.8,0,5,71.49,58.78,Review Required,1
69.73,73.28,79.04,66.5,83.63,72.63,96.45,1,0,57.62,72.33,Recommended,2
83.19,81.11,70.54,70.25,85.23,75.11,97.92,2,1,81.02,74.39,Recommended,2
93.33,92.96,76.2,73.2,81.97,84.03,99.64,1,1,48.07,78.13,Recommended,2
76.91,77.8,63.12,61.52,82.67,72.11,99.12,0,3,67.93,70.31,Recommended,2
82.02,72.63,85.6,62.28,88.34,67.16,90.61,1,1,47.89,69.26,Review Required,1
84.9,92.0,82.71,82.31,83.6,82.6,92.9,2,0,65.56,83.84,Recommended,2
73.99,73.52,90.48,96.0,97.98,62.63,99.54,0,2,80.62,77.27,Recommended,2
80.24,78.95,73.85,75.01,75.43,92.48,98.71,0,2,67.57,80.45,Recommended,2
78.13,70.22,55.59,75.93,75.08,61.68,92.1,1,1,66.7,65.83,Review Required,1
78.98,74.74,64.89,81.32,71.1,64.98,95.76,1,0,70.42,70.3,Recommended,2
70.27,65.11,81.19,71.89,73.51,92.59,94.84,2,0,71.17,71.34,Recommended,2
78.25,76.39,75.73,77.7,61.52,60.94,98.14,2,1,80.41,65.85,Review Required,1
82.98,94.78,85.6,79.39,85.99,73.65,88.2,1,0,80.5,78.46,Recommended,2
92.51,76.78,79.19,93.26,68.29,64.23,84.27,1,2,91.33,72.22,Recommended,2
87.59,71.41,78.57,93.06,76.91,74.18,83.81,4,0,72.51,69.3,Review Required,1
99.0,99.0,100.0,77.47,100.0,99.78,100.0,3,1,45.09,91.46,Highly Recommended,3
70.33,70.55,87.4,64.15,81.44,87.06,99.77,2,2,82.87,73.99,Recommended,2
86.72,78.35,75.17,77.05,56.56,100.0,91.63,1,0,90.25,83.16,Recommended,2
79.83,87.2,72.14,76.4,100.0,51.74,92.63,0,0,100.0,73.69,Recommended,2
99.0,87.46,81.46,91.28,89.42,89.87,88.46,0,0,91.78,84.69,Recommended,2
69.92,86.55,87.52,78.3,78.09,77.94,83.37,1,0,62.65,74.75,Recommended,2
69.6,77.15,68.22,100.0,81.03,66.11,92.46,2,1,72.81,72.62,Recommended,2
72.01,69.5,62.55,85.56,76.02,60.38,97.49,1,1,65.94,67.28,Review Required,1
56.76,79.99,83.43,83.12,74.73,69.46,76.77,0,0,63.9,76.12,Recommended,2
72.74,69.07,71.32,83.62,75.95,91.37,96.33,3,0,68.3,81.09,Recommended,2
70.41,78.22,79.0,90.81,74.12,87.99,92.19,1,0,89.29,83.51,Recommended,2
79.5,81.05,73.2,76.09,78.07,76.98,98.46,0,0,46.16,75.45,Recommended,2
81.42,90.41,85.5,80.12,81.61,100.0,91.01,0,1,54.96,86.76,Highly Recommended,3
96.76,99.0,85.01,95.08,79.99,70.45,97.76,0,1,88.29,82.35,Recommended,2
87.5,84.51,92.28,92.77,85.92,69.75,97.0,1,1,91.81,83.57,Recommended,2
72.23,67.53,81.0,73.66,78.78,48.28,95.3,2,1,60.11,63.8,Review Required,1
69.02,74.99,57.78,61.72,83.14,59.72,94.02,0,0,94.76,68.38,Review Required,1
82.92,75.62,67.42,69.91,86.62,74.16,92.7,1,1,84.64,71.72,Recommended,2
64.8,84.47,68.38,83.39,87.68,77.37,80.33,2,1,65.98,74.43,Recommended,2
96.31,91.51,82.13,88.3,83.9,86.25,95.2,1,1,33.47,82.51,Recommended,2
89.79,82.93,81.37,100.0,91.79,63.79,93.14,1,2,44.98,74.8,Recommended,2
73.31,75.79,62.35,64.2,64.96,79.89,97.52,0,1,60.13,72.32,Recommended,2
60.87,54.83,51.9,68.44,55.28,60.57,93.96,0,2,81.4,56.36,Review Required,1
91.54,79.3,69.44,95.4,71.28,83.29,87.77,1,2,81.45,78.68,Recommended,2
76.85,86.4,86.87,100.0,96.55,61.6,90.45,0,1,63.0,80.3,Recommended,2
90.38,81.01,81.45,77.66,91.51,83.72,90.63,3,3,66.53,76.13,Recommended,2
62.06,58.06,56.33,70.56,71.36,46.5,96.01,2,1,69.51,51.06,Low Recommendation,0
72.01,77.7,80.04,85.09,90.55,73.33,94.31,2,0,66.72,79.04,Recommended,2
78.05,87.12,79.87,87.94,77.45,88.21,90.93,0,0,72.45,79.42,Recommended,2
78.47,83.68,80.04,82.59,87.39,81.58,94.79,1,1,69.55,79.32,Recommended,2
73.5,82.42,98.55,87.05,81.79,77.17,91.08,3,0,44.89,81.38,Recommended,2
84.23,75.91,90.33,52.81,87.08,81.57,91.68,0,2,66.89,76.04,Recommended,2
67.32,58.75,51.07,72.95,65.8,40.55,91.43,2,2,69.66,53.93,Low Recommendation,0
76.58,88.61,94.76,88.29,83.41,100.0,87.96,1,1,84.85,90.13,Highly Recommended,3
79.2,75.86,85.01,75.88,83.99,76.88,96.66,0,0,57.53,81.59,Recommended,2
83.14,79.19,67.91,100.0,89.61,87.27,96.05,0,1,73.06,84.93,Recommended,2
85.12,93.21,98.09,83.5,83.7,85.2,91.91,0,1,78.44,85.13,Highly Recommended,3
66.75,74.18,91.01,72.89,76.83,74.79,92.58,0,2,67.77,77.41,Recommended,2
62.66,70.51,61.66,94.27,64.36,58.7,92.15,1,1,43.68,66.52,Review Required,1
90.78,99.0,85.07,85.98,69.34,99.14,91.78,2,1,85.15,91.51,Highly Recommended,3
81.32,74.78,86.26,71.84,79.85,70.9,93.45,3,1,81.21,71.92,Recommended,2
70.52,79.78,82.55,79.38,87.34,87.67,90.73,0,0,73.43,81.64,Recommended,2
93.51,88.91,92.2,95.65,90.08,82.86,95.4,4,0,70.6,84.72,Recommended,2
79.16,80.56,83.82,83.47,62.28,57.04,98.6,1,2,43.28,69.35,Review Required,1
89.79,98.08,97.47,80.73,90.19,86.38,91.71,0,2,81.62,87.3,Highly Recommended,3
78.68,82.14,68.34,77.17,60.67,61.04,96.54,1,1,92.3,73.85,Recommended,2
98.61,96.33,100.0,86.36,100.0,93.94,97.72,2,0,53.29,89.25,Highly Recommended,3
95.55,98.47,100.0,93.16,83.1,80.1,97.09,3,4,90.18,87.77,Highly Recommended,3
75.51,72.94,72.41,80.31,89.15,84.25,97.43,1,1,86.97,79.02,Recommended,2
87.72,77.69,77.83,83.56,89.29,76.11,89.97,1,2,52.85,75.42,Recommended,2
84.45,73.76,60.01,58.87,68.15,66.38,89.31,1,1,64.09,66.3,Review Required,1
91.69,71.45,78.73,85.65,64.26,82.94,79.76,1,0,49.07,76.49,Recommended,2
68.35,87.3,91.19,88.63,89.86,97.96,81.06,2,2,69.02,91.55,Highly Recommended,3
84.86,73.58,74.56,90.35,68.59,74.01,88.72,0,2,76.72,68.27,Review Required,1
88.58,83.24,93.67,87.71,84.63,76.51,94.65,3,0,50.19,79.55,Recommended,2
60.41,63.07,63.96,80.17,65.06,44.53,97.34,0,2,75.79,55.5,Review Required,1
66.17,71.78,79.48,79.91,58.0,67.27,94.39,4,1,79.59,69.93,Review Required,1
57.61,69.85,62.19,87.36,52.19,60.41,87.76,1,1,79.8,65.74,Review Required,1
75.31,82.6,81.71,88.04,85.43,82.01,92.71,1,0,76.82,79.75,Recommended,2
85.18,77.96,76.73,78.59,74.4,72.73,92.78,0,2,51.57,70.9,Recommended,2
93.02,86.78,87.34,100.0,80.48,92.9,93.76,2,0,68.18,83.9,Recommended,2
78.74,80.38,76.59,90.16,88.62,70.43,98.36,2,3,75.29,78.63,Recommended,2
94.29,87.01,83.94,91.64,97.9,82.7,92.72,2,2,91.92,88.46,Highly Recommended,3
64.2,80.8,88.86,68.8,79.22,97.07,83.4,1,0,70.04,77.83,Recommended,2
60.97,69.6,67.84,60.84,70.92,74.08,91.36,3,1,76.38,68.72,Review Required,1
77.44,83.09,66.25,86.09,88.5,74.02,94.35,3,2,56.02,78.2,Recommended,2
81.84,85.59,100.0,86.37,71.63,82.01,96.25,2,0,52.68,82.27,Recommended,2
77.67,86.76,98.88,79.59,88.23,81.66,90.91,1,0,50.75,79.63,Recommended,2
57.33,64.58,55.51,71.61,76.43,52.83,92.75,1,0,63.7,58.95,Review Required,1
77.11,66.6,76.85,87.51,79.09,65.89,89.49,1,3,100.0,71.29,Recommended,2
64.96,71.67,68.72,82.12,56.37,80.22,93.29,1,2,63.97,71.82,Recommended,2
84.7,77.08,80.44,67.54,71.8,75.35,92.38,0,1,75.47,74.05,Recommended,2
81.67,75.94,79.9,77.04,69.85,61.14,94.27,3,1,78.36,70.68,Recommended,2
68.6,75.71,74.44,69.95,79.48,96.28,92.89,3,1,53.63,78.11,Recommended,2
72.86,83.91,75.09,79.86,88.87,82.44,88.95,3,2,63.47,81.94,Recommended,2
67.41,70.36,65.86,70.11,89.81,52.6,97.05,0,1,79.37,63.45,Review Required,1
77.37,79.63,70.56,75.97,76.2,69.78,97.74,1,2,76.42,71.08,Recommended,2
87.55,97.9,85.11,80.98,88.6,89.54,89.65,0,1,40.09,92.27,Highly Recommended,3
68.14,72.63,73.8,74.56,87.88,94.02,95.52,0,0,78.92,78.67,Recommended,2
83.04,99.0,87.09,88.69,97.29,76.14,84.04,1,5,61.74,79.29,Recommended,2
72.7,78.41,85.63,50.59,93.0,92.33,94.29,1,1,62.13,82.87,Recommended,2
70.07,57.96,78.35,86.1,69.3,86.32,87.89,1,2,76.07,75.2,Recommended,2
76.93,82.88,76.36,93.9,71.79,71.15,94.05,0,1,92.84,78.44,Recommended,2
67.65,73.4,77.45,72.62,63.58,72.01,94.25,2,1,66.99,73.11,Recommended,2
72.46,84.04,88.03,84.02,68.63,71.39,88.42,1,2,87.69,83.56,Recommended,2
66.02,74.6,80.67,65.5,84.35,74.67,91.42,3,0,48.39,70.37,Recommended,2
97.65,90.25,88.44,100.0,100.0,86.04,92.6,1,0,71.96,87.15,Highly Recommended,3
78.35,68.05,78.47,91.61,91.77,81.52,89.7,2,0,61.88,80.0,Recommended,2
71.0,71.03,78.09,76.29,83.73,87.73,99.97,1,1,74.23,82.56,Recommended,2
80.14,72.29,61.84,85.84,87.79,59.68,92.15,1,1,65.56,66.66,Review Required,1
76.88,72.17,82.82,77.27,70.28,53.39,95.29,1,0,49.88,70.94,Recommended,2
75.79,80.76,89.44,68.17,70.35,82.83,95.03,2,0,56.69,80.24,Recommended,2
84.14,95.26,83.81,87.56,100.0,90.15,88.88,1,0,45.35,90.82,Highly Recommended,3
85.58,86.06,84.92,86.56,89.7,86.39,99.52,1,3,50.4,85.16,Highly Recommended,3
72.69,64.32,75.07,65.48,71.81,66.84,91.62,2,0,77.2,67.3,Review Required,1
72.24,77.13,75.75,76.8,83.32,77.65,95.12,2,2,66.23,81.32,Recommended,2
75.25,85.25,94.67,83.76,88.2,100.0,90.0,0,1,73.46,86.77,Highly Recommended,3
54.98,56.61,86.09,63.82,78.33,76.66,98.37,2,0,97.23,74.06,Recommended,2
62.85,65.92,61.58,71.67,84.78,61.52,96.93,0,1,65.56,69.72,Review Required,1
91.67,87.29,71.65,75.49,91.8,72.57,95.62,0,1,79.51,81.16,Recommended,2
94.45,82.84,85.16,75.81,91.79,80.16,88.39,1,1,70.42,79.5,Recommended,2
75.51,81.04,88.0,68.88,87.25,100.0,94.47,2,1,100.0,86.69,Highly Recommended,3
83.77,80.67,78.19,91.25,77.24,76.34,96.9,1,3,30.0,73.2,Recommended,2
81.11,83.14,96.88,62.14,91.1,86.77,97.98,1,1,59.24,80.76,Recommended,2
99.0,85.2,70.51,96.18,70.99,71.5,86.2,2,0,79.81,78.6,Recommended,2
89.2,81.94,88.38,96.22,93.26,96.32,92.74,0,1,58.71,82.25,Recommended,2
76.72,82.48,75.8,79.72,71.14,100.0,94.24,1,1,78.49,83.42,Recommended,2
68.44,67.93,88.14,46.52,76.05,82.83,99.48,2,2,69.1,77.94,Recommended,2
61.94,80.17,100.0,77.51,73.06,88.06,81.76,3,1,82.97,82.32,Recommended,2
80.03,75.83,69.2,77.44,84.1,73.45,95.79,0,1,53.02,75.01,Recommended,2
70.44,74.1,70.08,66.77,77.05,44.06,96.33,0,3,72.59,64.42,Review Required,1
63.78,75.1,84.92,72.42,62.12,87.95,88.67,1,0,76.99,76.88,Recommended,2
71.53,61.73,62.42,83.51,73.18,66.27,90.19,1,0,71.98,64.66,Review Required,1
67.18,55.94,61.5,70.81,59.26,67.12,88.76,1,0,72.24,61.84,Review Required,1
94.87,77.2,78.16,69.8,88.31,68.61,82.33,0,0,88.04,67.85,Review Required,1
86.82,93.87,71.21,74.73,90.85,76.42,92.94,1,1,44.8,82.09,Recommended,2
77.92,73.13,74.71,72.92,80.68,69.2,95.21,1,2,71.87,71.07,Recommended,2
92.8,99.0,87.35,92.17,84.74,100.0,93.8,1,1,51.86,94.39,Highly Recommended,3
78.77,73.63,70.29,81.5,71.17,68.02,94.85,0,1,81.36,71.91,Recommended,2
69.39,73.05,89.22,70.78,72.09,100.0,96.34,0,1,57.43,80.47,Recommended,2
93.23,99.0,81.68,99.41,100.0,92.44,94.23,2,3,32.91,90.53,Highly Recommended,3
83.39,97.42,100.0,100.0,100.0,78.66,85.97,0,0,81.72,89.05,Highly Recommended,3
67.63,86.83,82.33,93.94,77.99,81.12,80.8,1,2,65.97,85.23,Highly Recommended,3
76.1,85.93,81.65,84.67,96.2,74.22,90.16,2,0,75.35,79.9,Recommended,2
69.24,79.66,87.65,78.93,59.47,55.59,89.58,0,0,91.41,71.43,Recommended,2
64.17,72.66,77.9,72.3,64.47,94.42,91.51,2,1,75.57,75.17,Recommended,2
87.26,90.31,93.44,100.0,78.82,96.94,96.95,1,1,72.54,89.84,Highly Recommended,3
97.09,86.56,94.6,79.32,72.33,93.86,89.46,0,3,69.29,89.31,Highly Recommended,3
64.01,61.26,62.64,68.34,52.82,66.54,97.25,1,0,52.79,63.28,Review Required,1
83.63,81.51,75.01,82.57,86.56,61.03,97.88,2,1,66.77,70.13,Recommended,2
71.49,71.68,62.91,70.16,73.6,63.03,99.81,0,1,99.61,65.54,Review Required,1
73.13,70.56,64.67,60.67,78.78,79.19,97.44,1,0,64.37,68.8,Review Required,1
72.08,79.02,100.0,83.55,87.64,74.0,93.05,1,1,67.66,81.22,Recommended,2
69.36,79.19,91.84,79.83,83.51,53.03,90.17,1,1,88.86,73.96,Recommended,2
78.49,78.65,65.47,85.06,87.06,69.92,99.84,0,1,46.88,63.9,Review Required,1
69.69,83.6,69.48,78.19,83.16,74.53,86.09,0,1,79.3,76.07,Recommended,2
80.7,70.36,77.59,86.46,62.97,75.81,89.66,0,0,46.17,71.65,Recommended,2
77.5,75.7,82.25,69.22,89.05,86.92,98.2,1,2,75.99,76.46,Recommended,2
75.61,70.19,78.13,91.26,68.84,81.98,94.58,0,0,69.66,73.93,Recommended,2
68.92,56.31,59.69,46.94,55.94,64.51,87.39,0,1,79.19,62.04,Review Required,1
72.23,72.9,73.42,80.38,74.79,87.88,99.33,3,1,54.81,77.65,Recommended,2
85.55,81.91,84.71,87.09,73.57,63.42,96.36,1,1,61.97,72.93,Recommended,2
83.01,93.21,90.77,82.29,86.21,94.65,89.8,2,0,79.96,88.53,Highly Recommended,3
68.22,75.8,54.66,82.31,81.99,74.7,92.42,0,0,62.35,70.88,Recommended,2
78.99,70.1,70.28,86.87,78.15,56.28,91.11,0,0,81.33,67.4,Review Required,1
85.51,97.69,84.76,71.22,84.45,69.94,87.82,2,2,73.14,77.85,Recommended,2
61.31,75.68,78.51,83.01,73.59,67.73,85.62,0,3,63.31,70.43,Recommended,2
83.43,86.06,100.0,60.31,96.26,81.49,97.37,2,1,65.27,84.78,Recommended,2
71.37,71.15,77.04,65.15,80.35,83.32,99.78,1,0,70.05,74.13,Recommended,2
83.71,73.92,72.3,93.03,98.02,66.11,90.21,3,0,66.7,70.43,Recommended,2
70.37,69.28,81.18,67.68,85.91,64.91,98.91,2,1,80.95,67.8,Review Required,1
59.95,73.68,80.08,64.83,88.54,69.16,86.28,1,1,64.43,73.03,Recommended,2
61.72,81.28,85.16,79.92,68.39,95.0,80.44,2,1,61.4,81.01,Recommended,2
78.48,90.28,93.78,100.0,96.03,88.78,88.2,1,0,83.65,89.71,Highly Recommended,3
80.6,75.51,97.2,59.54,77.81,81.93,94.91,1,0,63.67,75.3,Recommended,2
68.96,62.31,55.43,58.11,63.86,60.78,93.36,0,1,61.89,57.14,Review Required,1
84.39,83.2,87.13,98.21,85.25,98.64,98.81,1,1,32.72,86.47,Highly Recommended,3
61.38,51.82,49.6,79.85,71.69,46.58,90.44,1,0,54.41,52.83,Low Recommendation,0
77.34,79.72,85.35,79.77,86.22,96.81,97.62,2,1,57.42,85.27,Highly Recommended,3
65.89,67.94,61.77,60.17,64.42,69.41,97.95,0,2,61.9,67.97,Review Required,1
71.48,69.31,67.81,94.47,81.55,67.92,97.83,2,0,59.17,69.11,Review Required,1
78.47,65.17,65.93,86.57,64.94,97.45,86.7,1,1,84.75,77.29,Recommended,2
69.4,75.69,86.52,84.77,80.63,67.22,93.71,1,2,58.37,72.47,Recommended,2
74.15,70.65,82.17,66.33,72.01,71.88,96.49,0,0,59.49,71.92,Recommended,2
88.06,75.28,64.01,77.21,76.0,55.93,87.22,0,2,72.33,67.18,Review Required,1
72.23,50.58,58.49,58.8,69.06,70.06,78.35,0,2,53.47,57.13,Review Required,1
86.36,83.23,75.33,86.57,73.19,98.69,96.87,0,1,93.46,83.39,Recommended,2
66.7,83.87,70.32,98.22,100.0,96.71,82.83,1,0,82.03,86.25,Highly Recommended,3
83.3,94.6,88.78,100.0,73.12,100.0,88.7,0,1,52.48,93.23,Highly Recommended,3
92.42,84.03,79.94,73.05,78.17,78.22,91.62,0,1,85.21,80.78,Recommended,2
53.28,55.48,85.88,77.6,68.43,67.16,97.8,2,0,88.33,63.91,Review Required,1
70.03,75.77,81.16,81.17,84.37,57.72,94.26,1,3,52.87,67.73,Review Required,1
83.77,73.65,61.46,83.43,76.08,93.48,89.88,1,0,52.52,74.9,Recommended,2
75.97,78.59,73.3,94.68,79.87,81.38,97.38,3,0,60.84,76.6,Recommended,2
81.71,86.33,94.96,74.31,89.81,81.61,95.38,2,0,48.77,77.1,Recommended,2
71.96,83.19,100.0,82.87,81.26,100.0,88.77,1,2,58.3,89.23,Highly Recommended,3
78.87,77.4,62.19,73.87,93.57,59.17,98.54,0,2,64.0,67.57,Review Required,1
76.44,74.88,57.36,61.74,86.31,72.78,98.44,0,2,77.56,71.69,Recommended,2
89.68,78.75,97.77,83.59,89.28,83.54,89.07,1,0,71.22,80.39,Recommended,2
80.54,72.77,78.47,100.0,66.82,83.16,92.22,1,0,67.78,76.74,Recommended,2
81.38,78.15,69.93,61.31,79.35,73.47,96.78,1,4,62.75,71.11,Recommended,2
73.88,77.66,83.59,79.04,76.8,62.09,96.23,1,1,50.38,71.13,Recommended,2
73.12,81.5,54.76,88.45,72.36,70.41,91.63,0,2,78.88,70.94,Recommended,2
73.67,68.15,71.14,73.93,76.94,83.3,94.47,1,2,78.54,73.51,Recommended,2
81.94,92.3,92.51,88.48,84.39,88.57,89.64,2,3,60.75,90.79,Highly Recommended,3
73.79,72.48,83.61,62.75,82.84,86.74,98.69,2,0,53.48,77.29,Recommended,2
80.9,79.46,69.45,82.95,70.33,62.02,98.56,2,1,93.34,72.77,Recommended,2
98.75,86.15,85.47,77.74,100.0,83.33,87.4,0,1,73.7,79.05,Recommended,2
86.71,64.3,58.97,48.11,61.76,56.82,77.59,2,2,75.95,60.95,Review Required,1
74.74,82.39,84.35,94.62,85.22,90.66,92.35,0,0,76.6,85.48,Highly Recommended,3
90.01,91.9,79.97,98.92,97.41,84.13,98.11,1,1,51.96,85.78,Highly Recommended,3
73.92,72.49,70.29,76.26,70.59,80.39,98.57,2,0,92.49,75.05,Recommended,2
57.62,63.87,57.94,72.0,78.96,76.78,93.75,3,1,63.95,67.67,Review Required,1
67.92,74.67,82.51,88.01,65.48,86.17,93.25,2,1,82.33,80.37,Recommended,2
59.29,52.0,67.59,63.65,76.88,66.11,92.71,0,0,91.88,65.03,Review Required,1
74.48,70.91,70.83,83.68,75.36,59.72,96.42,0,1,71.22,68.41,Review Required,1
78.18,84.08,83.44,80.88,78.21,81.98,94.1,2,0,52.28,77.2,Recommended,2
94.76,79.3,64.99,93.63,77.93,66.32,84.54,2,1,32.6,68.89,Review Required,1
81.27,82.24,78.68,85.77,91.01,75.24,99.03,1,1,69.42,80.07,Recommended,2
75.81,65.21,68.41,72.59,65.5,63.95,89.4,1,0,73.75,62.68,Review Required,1
86.29,87.14,100.0,73.3,78.76,78.1,99.16,1,0,61.29,81.81,Recommended,2
55.89,61.84,55.26,71.16,66.83,38.35,94.05,0,1,72.04,53.8,Low Recommendation,0
80.36,66.33,84.39,63.11,60.33,67.27,85.97,1,1,76.46,64.84,Review Required,1
85.71,92.31,99.2,83.24,100.0,93.93,93.39,1,1,84.91,92.63,Highly Recommended,3
63.21,61.37,68.84,59.81,63.07,50.91,98.16,1,1,66.57,60.63,Review Required,1
89.44,79.12,96.93,69.72,89.12,85.61,89.69,1,0,69.32,77.27,Recommended,2
81.38,81.57,84.9,100.0,84.57,100.0,99.81,3,0,67.32,88.31,Highly Recommended,3
73.85,83.88,86.8,97.03,74.19,95.55,89.97,1,0,70.5,86.42,Highly Recommended,3
84.33,73.9,74.9,95.94,77.19,94.24,89.58,1,0,62.3,82.08,Recommended,2
99.0,92.79,100.0,77.73,97.94,96.81,93.79,2,1,62.23,90.81,Highly Recommended,3
79.82,82.3,92.69,83.33,81.08,99.01,97.52,1,2,63.17,89.82,Highly Recommended,3
80.48,84.88,77.41,71.48,96.65,71.23,95.6,3,1,72.34,76.96,Recommended,2
73.41,75.8,63.65,71.1,88.76,63.05,97.61,0,1,57.29,67.9,Review Required,1
69.5,68.71,69.51,63.92,82.92,37.42,99.21,2,0,63.24,56.24,Review Required,1
86.3,76.79,69.59,91.15,74.62,87.79,90.49,2,0,97.13,77.15,Recommended,2
69.44,72.3,73.59,71.65,65.36,91.84,97.14,0,1,83.45,74.53,Recommended,2
78.72,69.52,84.52,84.35,68.14,69.98,90.81,0,2,55.64,71.42,Recommended,2
73.22,50.89,53.59,66.66,63.56,53.74,77.66,2,0,82.97,54.15,Low Recommendation,0
82.79,84.45,82.91,100.0,89.88,72.89,98.34,3,1,79.41,81.42,Recommended,2
81.34,87.17,85.96,71.22,64.56,88.84,94.17,1,0,68.44,79.09,Recommended,2
88.38,65.96,77.95,83.76,71.77,86.06,77.58,2,2,59.38,71.71,Recommended,2
72.9,65.95,47.0,82.63,73.43,39.27,93.05,1,0,57.68,53.85,Low Recommendation,0
75.3,80.66,74.43,71.73,79.08,81.95,94.64,1,1,73.36,82.94,Recommended,2
68.21,87.21,87.52,96.12,99.21,81.57,81.0,1,1,57.31,82.75,Recommended,2
73.56,74.66,87.99,80.62,81.98,81.42,98.9,0,3,86.46,78.37,Recommended,2
81.77,74.42,70.89,74.82,90.71,78.63,92.64,1,0,90.71,75.03,Recommended,2
85.57,81.44,62.31,73.77,80.22,70.24,95.87,0,1,69.36,76.65,Recommended,2
68.78,82.14,87.81,75.31,92.23,81.74,86.63,1,0,87.08,76.64,Recommended,2
86.7,78.52,72.54,100.0,96.74,72.86,91.82,0,1,63.83,76.19,Recommended,2
91.56,80.7,68.63,81.49,94.99,86.37,89.14,1,0,59.28,74.8,Recommended,2
82.13,76.63,71.23,86.46,68.19,79.17,94.5,3,0,86.5,70.24,Recommended,2
96.77,83.11,80.49,75.27,80.98,83.09,86.34,0,2,93.7,78.55,Recommended,2
70.26,73.16,68.83,68.42,73.3,56.54,97.1,0,0,99.45,67.89,Review Required,1
65.55,81.88,59.36,93.14,87.57,66.95,83.67,3,0,74.99,71.66,Recommended,2
60.21,67.73,79.77,58.92,79.92,84.79,92.48,0,1,82.93,74.66,Recommended,2
92.96,86.05,97.29,81.09,77.13,88.79,93.09,1,1,74.66,85.12,Highly Recommended,3
84.54,79.85,86.4,81.23,81.97,89.41,95.3,0,1,91.05,82.04,Recommended,2
77.44,64.71,57.15,71.41,50.8,84.94,87.26,3,1,76.5,72.68,Recommended,2
80.8,86.62,82.95,83.85,100.0,95.29,94.18,2,0,82.08,85.49,Highly Recommended,3
66.75,69.1,71.76,77.33,68.86,72.46,97.65,2,2,52.97,70.76,Recommended,2
99.0,90.86,94.13,95.53,89.34,82.86,91.86,4,2,66.53,81.87,Recommended,2
79.29,99.0,100.0,100.0,91.22,63.96,80.29,0,0,82.2,84.34,Recommended,2
79.09,80.76,73.23,71.67,93.37,74.57,98.34,1,1,80.86,75.67,Recommended,2
85.26,76.67,78.32,75.82,50.76,73.08,91.41,2,0,83.48,70.19,Recommended,2
82.81,77.56,82.74,91.24,79.57,83.8,94.75,1,1,71.81,80.5,Recommended,2
80.24,88.35,100.0,95.79,86.02,88.5,91.88,2,0,60.22,85.06,Highly Recommended,3
70.1,72.97,81.77,62.35,72.09,73.05,97.12,2,2,69.12,76.47,Recommended,2
82.71,69.39,79.94,77.09,91.45,53.38,86.68,0,2,70.71,60.28,Review Required,1
96.82,98.13,94.43,73.91,84.85,80.75,98.69,2,2,73.63,87.18,Highly Recommended,3
91.45,81.67,95.36,82.64,90.26,91.53,90.22,0,2,55.48,83.94,Recommended,2
93.93,99.0,98.35,100.0,97.88,100.0,94.93,2,2,66.01,94.73,Highly Recommended,3
72.89,82.66,73.39,73.38,95.83,76.25,90.23,0,1,68.67,75.56,Recommended,2
68.1,67.09,84.35,63.62,65.95,79.51,98.99,2,0,36.37,70.74,Recommended,2
76.74,86.97,92.2,93.52,78.81,98.1,89.77,1,0,82.49,91.15,Highly Recommended,3
78.56,78.53,74.47,64.55,91.36,66.47,99.98,2,0,72.46,68.11,Review Required,1
88.94,92.08,84.27,83.13,93.87,89.94,96.86,3,0,73.98,84.97,Recommended,2
61.08,69.63,75.19,79.71,58.9,64.04,91.44,1,3,62.27,65.14,Review Required,1
93.3,81.54,85.78,75.73,77.05,92.31,88.24,1,2,78.79,79.94,Recommended,2
76.42,71.35,75.48,72.58,79.38,75.55,94.93,1,0,57.52,72.62,Recommended,2
73.73,82.85,85.25,90.44,91.72,85.82,90.88,1,2,59.88,83.84,Recommended,2
67.88,67.84,87.88,76.7,66.34,67.89,99.96,3,1,79.42,73.55,Recommended,2
61.45,62.79,77.81,71.62,40.55,79.72,98.66,1,0,75.36,70.62,Recommended,2
86.23,75.72,78.7,74.61,83.72,100.0,89.49,0,1,50.84,82.68,Recommended,2
78.73,81.5,90.54,85.75,70.22,71.72,97.23,2,0,93.66,74.71,Recommended,2
65.1,85.07,73.48,83.31,64.67,74.34,80.03,2,3,58.62,80.0,Recommended,2
65.05,59.99,68.97,71.57,40.0,69.37,94.94,0,0,68.01,62.86,Review Required,1
74.64,75.44,94.68,72.84,86.44,92.48,99.2,1,1,96.2,85.37,Highly Recommended,3
94.69,99.0,92.07,92.47,95.61,84.71,95.69,0,1,39.1,84.43,Recommended,2
75.4,75.15,67.88,67.7,75.84,38.22,99.74,1,4,44.41,60.03,Review Required,1
62.97,70.7,66.5,74.14,88.96,86.19,92.27,1,2,76.63,77.6,Recommended,2
75.54,67.38,59.64,64.06,79.19,74.93,91.84,1,2,32.82,66.89,Review Required,1
75.27,79.12,71.49,69.24,96.96,54.33,96.16,3,1,39.35,66.13,Review Required,1
51.03,57.22,59.21,67.64,51.99,54.28,93.81,0,2,87.63,61.32,Review Required,1
77.46,85.11,69.77,86.7,84.53,95.77,92.35,1,0,63.87,80.6,Recommended,2
75.69,85.48,84.27,92.67,68.96,100.0,90.21,3,0,100.0,88.0,Highly Recommended,3
84.96,99.0,100.0,89.99,92.03,100.0,85.96,0,1,54.48,94.96,Highly Recommended,3
96.49,95.18,82.31,95.71,89.24,83.88,98.69,1,3,65.22,91.88,Highly Recommended,3
89.27,88.09,100.0,92.17,93.17,91.23,98.83,0,3,78.11,87.63,Highly Recommended,3
75.31,77.27,83.06,83.54,80.0,77.56,98.04,1,2,77.07,76.75,Recommended,2
66.93,67.03,80.58,63.66,78.81,87.58,99.91,1,1,66.18,73.27,Recommended,2
99.0,95.01,84.68,93.0,98.64,76.36,96.01,4,1,60.27,85.33,Highly Recommended,3
78.59,75.65,85.28,81.6,99.99,69.7,97.06,1,0,73.47,76.62,Recommended,2
78.14,79.05,68.36,80.4,77.6,86.09,99.09,0,0,90.65,81.34,Recommended,2
77.76,87.97,94.88,65.72,77.41,87.61,89.79,1,0,81.44,85.58,Highly Recommended,3
79.98,70.93,74.92,76.26,77.7,89.88,90.95,1,3,60.51,75.27,Recommended,2
76.56,85.71,89.81,100.0,77.26,77.15,90.85,1,2,55.12,83.2,Recommended,2
72.26,84.12,71.34,80.28,99.02,76.53,88.14,0,2,59.61,77.89,Recommended,2
72.53,72.83,65.67,68.7,73.69,59.33,99.7,0,2,50.89,67.54,Review Required,1
77.67,60.4,71.27,71.01,62.41,67.75,82.72,0,0,72.21,66.19,Review Required,1
72.57,68.93,62.22,76.38,69.16,49.72,96.37,0,0,82.21,66.33,Review Required,1
70.87,82.99,86.87,95.02,90.61,77.09,87.89,1,0,68.93,79.39,Recommended,2
79.06,78.16,64.95,67.13,78.57,55.01,99.1,1,1,95.8,66.69,Review Required,1
75.45,67.82,79.35,79.79,66.7,82.19,92.37,2,0,96.63,75.69,Recommended,2
93.04,84.09,70.74,89.77,100.0,85.53,91.05,1,1,74.62,84.73,Recommended,2
51.49,65.77,74.85,69.62,63.16,50.48,85.72,1,0,80.53,61.96,Review Required,1
88.92,89.61,93.47,91.12,88.29,100.0,99.3,2,0,56.49,92.94,Highly Recommended,3
90.46,84.41,76.34,94.38,90.92,100.0,93.95,1,1,64.59,88.23,Highly Recommended,3
57.27,60.15,70.93,75.83,51.59,67.99,97.11,2,0,89.08,64.88,Review Required,1
74.57,72.07,76.65,64.02,80.81,66.8,97.49,0,0,61.31,70.41,Recommended,2
74.29,67.62,65.33,80.54,62.43,100.0,93.34,2,2,92.31,77.08,Recommended,2
63.92,80.67,70.42,80.82,90.08,59.61,83.25,0,1,86.69,72.25,Recommended,2
70.22,69.58,52.56,74.43,64.69,64.09,99.35,2,1,81.27,63.07,Review Required,1
66.89,79.56,83.17,81.43,88.03,82.25,87.33,1,2,52.41,78.41,Recommended,2
95.52,99.0,78.6,92.8,100.0,100.0,96.52,1,3,65.32,95.11,Highly Recommended,3
87.36,92.14,90.06,100.0,98.27,92.19,95.22,3,0,79.66,92.04,Highly Recommended,3
90.72,83.05,79.65,82.3,85.99,74.1,92.33,0,1,55.21,78.42,Recommended,2
85.22,85.88,91.2,73.92,83.09,74.42,99.34,1,4,67.15,80.53,Recommended,2
66.71,69.5,69.11,69.72,68.5,66.34,97.21,2,2,81.28,68.69,Review Required,1
72.75,66.7,66.73,73.48,87.07,56.29,93.94,0,1,61.48,60.73,Review Required,1
82.89,83.62,90.03,95.83,76.87,85.04,99.27,0,2,57.3,82.15,Recommended,2
65.78,59.61,68.06,72.76,57.17,59.3,93.83,3,2,42.99,61.24,Review Required,1
85.13,92.09,92.23,80.96,96.28,70.8,93.04,1,0,64.2,78.53,Recommended,2
75.6,72.2,78.84,100.0,68.14,90.48,96.6,0,1,81.6,75.21,Recommended,2
74.25,76.59,62.08,81.26,69.58,64.5,97.67,1,3,56.91,72.21,Recommended,2
85.11,84.84,91.2,97.14,70.26,70.2,99.73,0,1,70.27,79.06,Recommended,2
82.44,78.64,85.1,78.53,75.65,78.48,96.2,2,0,66.64,77.72,Recommended,2
74.39,79.77,69.66,86.17,80.41,75.59,94.62,1,1,60.0,76.8,Recommended,2
89.59,81.92,79.0,90.74,85.13,58.41,92.32,4,0,82.57,71.4,Recommended,2
67.19,77.0,77.36,91.08,88.88,80.72,90.19,1,2,94.63,78.11,Recommended,2
84.16,71.14,72.01,85.37,80.65,59.7,86.98,1,2,85.07,72.54,Recommended,2
83.93,82.76,85.41,91.66,81.37,100.0,98.83,1,0,59.56,84.89,Recommended,2
74.9,90.94,100.0,85.51,86.86,97.67,83.96,2,0,99.89,90.46,Highly Recommended,3
81.26,71.88,84.73,69.6,80.98,72.84,90.62,1,2,85.02,71.69,Recommended,2
65.49,63.42,54.44,72.72,82.85,53.2,97.93,0,0,63.14,58.26,Review Required,1
87.24,88.18,92.36,96.06,88.23,85.95,99.06,2,5,58.37,88.95,Highly Recommended,3
76.15,77.74,91.6,77.19,75.17,90.09,98.41,1,1,86.82,75.7,Recommended,2
72.77,76.75,81.43,89.37,69.26,77.96,96.03,0,1,72.61,75.43,Recommended,2
88.49,88.86,97.55,100.0,72.97,86.96,99.63,2,0,57.24,86.68,Highly Recommended,3
70.96,77.75,98.43,70.26,86.53,86.17,93.21,1,2,67.78,85.02,Highly Recommended,3
63.92,76.62,87.7,70.26,84.88,73.48,87.3,1,1,63.89,71.89,Recommended,2
62.43,69.98,74.98,72.58,80.36,68.87,92.45,0,1,57.64,65.94,Review Required,1
84.06,79.91,90.38,84.01,80.05,58.09,95.85,0,0,85.22,71.1,Recommended,2
65.2,74.02,76.96,71.57,91.4,87.08,91.18,1,1,81.73,79.62,Recommended,2
95.55,99.0,94.49,100.0,89.48,95.98,96.55,3,2,82.58,94.52,Highly Recommended,3
57.18,61.97,62.96,72.62,78.69,55.69,95.22,1,0,82.37,58.39,Review Required,1
94.96,81.68,96.89,82.57,82.15,100.0,86.71,1,2,56.26,86.48,Highly Recommended,3
80.11,87.93,77.77,72.19,80.71,82.32,92.18,5,1,60.94,84.6,Recommended,2
77.03,75.96,92.29,65.01,84.58,69.87,98.93,3,0,91.88,75.81,Recommended,2
72.55,56.4,67.3,67.29,69.45,74.76,83.85,3,1,71.62,65.49,Review Required,1
81.99,87.17,71.39,64.7,89.85,83.2,94.82,2,5,47.94,80.08,Recommended,2
77.62,73.05,78.47,86.26,77.49,80.34,95.43,2,3,73.25,77.44,Recommended,2
89.03,84.6,62.45,82.64,84.15,68.71,95.57,1,3,79.82,72.03,Recommended,2
79.14,81.06,87.05,100.0,100.0,87.65,98.09,1,2,77.86,84.04,Recommended,2
79.5,80.18,88.98,100.0,93.36,79.52,99.33,0,1,55.93,80.18,Recommended,2
74.36,80.73,74.62,79.7,89.12,83.81,93.63,3,2,98.3,79.47,Recommended,2
77.43,73.72,76.52,75.54,78.25,52.24,96.29,1,0,47.49,67.26,Review Required,1
81.08,83.86,100.0,93.66,94.1,83.34,97.22,1,1,71.66,83.05,Recommended,2
60.9,63.55,62.61,86.52,75.4,86.13,97.35,1,0,96.05,72.3,Recommended,2
64.52,74.07,64.97,60.47,77.63,61.41,90.44,0,1,78.87,63.73,Review Required,1
85.43,87.73,100.0,68.54,83.62,82.84,97.71,1,2,82.54,84.85,Recommended,2
79.71,71.31,93.11,68.7,74.68,75.39,91.6,0,1,54.2,75.4,Recommended,2
76.16,85.0,83.79,90.33,53.1,67.94,91.16,3,4,75.21,75.96,Recommended,2
78.18,73.44,85.2,81.38,79.05,51.96,95.26,3,0,69.45,70.08,Recommended,2
81.48,86.5,98.29,96.25,80.93,86.15,94.98,3,1,53.05,84.86,Recommended,2
72.6,76.76,70.15,66.74,95.12,75.39,95.84,0,2,82.98,68.17,Review Required,1
70.22,86.86,80.29,62.64,86.26,81.23,83.36,0,1,57.71,78.56,Recommended,2
79.96,77.18,90.2,87.61,67.59,80.21,97.22,0,1,59.49,77.3,Recommended,2
68.22,67.96,87.82,64.29,72.71,77.83,99.74,1,1,76.49,73.06,Recommended,2
82.08,80.3,85.86,61.03,71.14,93.74,98.22,0,0,67.85,81.26,Recommended,2
60.97,63.26,58.64,70.73,74.75,61.47,97.72,0,1,72.54,61.29,Review Required,1
88.29,91.2,100.0,96.77,91.93,84.59,97.09,0,2,66.93,91.21,Highly Recommended,3
82.73,67.98,65.67,71.36,82.8,65.09,85.25,0,2,91.2,67.39,Review Required,1
80.56,70.96,69.87,70.1,67.35,78.29,90.4,2,1,56.12,70.59,Recommended,2
87.83,75.94,80.38,76.56,78.98,94.47,88.11,1,1,63.03,81.96,Recommended,2
94.65,96.86,100.0,89.1,79.22,86.21,97.79,0,1,77.22,89.07,Highly Recommended,3
88.14,98.39,100.0,80.39,100.0,95.54,89.76,3,1,55.18,98.0,Highly Recommended,3
59.59,63.88,72.06,62.57,75.63,73.43,95.71,0,2,54.52,66.65,Review Required,1
65.2,67.29,75.1,77.32,77.72,60.05,97.91,3,0,72.07,67.8,Review Required,1
71.75,73.79,75.78,79.87,77.19,75.07,97.97,3,1,83.01,72.67,Recommended,2
78.26,87.08,90.89,87.63,90.36,68.6,91.18,3,1,84.97,82.4,Recommended,2
83.18,73.8,50.06,66.71,93.23,43.32,90.63,2,1,71.38,61.63,Review Required,1
70.74,74.43,72.85,75.28,74.76,78.31,96.32,2,0,59.92,72.79,Recommended,2
79.87,86.71,87.44,63.93,87.35,80.06,93.16,2,0,74.13,78.22,Recommended,2
70.45,76.32,65.73,80.21,68.04,74.25,94.13,3,2,78.49,70.13,Recommended,2
71.88,74.84,79.99,91.67,69.21,76.72,97.05,1,2,73.93,76.97,Recommended,2
63.93,75.76,74.78,63.29,79.5,63.5,88.17,1,1,88.51,66.6,Review Required,1
68.77,50.0,75.05,54.14,72.04,64.48,81.23,2,1,54.79,62.13,Review Required,1
64.48,73.56,90.9,79.78,74.46,65.99,90.92,0,0,59.55,68.51,Review Required,1
68.24,65.54,64.49,83.4,69.21,83.7,97.3,2,0,86.43,72.15,Recommended,2
88.54,70.33,71.24,69.75,70.76,55.36,81.79,3,0,47.9,61.51,Review Required,1
68.51,75.04,75.54,70.61,72.68,72.89,93.46,1,1,61.91,72.14,Recommended,2
99.0,99.0,89.73,74.61,97.27,77.99,100.0,1,3,59.03,85.67,Highly Recommended,3
82.93,79.95,81.92,82.0,66.4,86.59,97.02,3,1,46.54,80.16,Recommended,2
79.85,86.52,77.3,100.0,98.64,76.55,93.33,0,0,67.19,77.13,Recommended,2
69.42,84.49,72.06,86.92,77.8,71.4,84.93,0,0,81.19,74.37,Recommended,2
85.0,93.02,95.99,89.89,97.47,100.0,91.98,2,1,72.34,94.67,Highly Recommended,3
72.24,86.69,91.31,88.9,73.25,86.55,85.55,3,0,81.99,85.98,Highly Recommended,3
79.22,84.39,75.25,83.96,91.07,85.06,94.83,2,0,87.88,75.77,Recommended,2
99.0,92.9,98.63,81.9,96.89,79.84,93.9,0,0,64.22,86.03,Highly Recommended,3
77.04,64.11,61.77,78.11,74.44,48.49,87.07,1,3,100.0,59.0,Review Required,1
89.49,83.68,85.29,85.83,73.96,83.87,94.18,1,0,64.82,79.34,Recommended,2
70.97,65.93,77.65,71.33,74.33,68.61,94.96,1,1,66.81,67.65,Review Required,1
77.65,94.72,90.71,81.55,79.58,96.69,82.93,1,1,59.39,92.6,Highly Recommended,3
95.71,88.59,90.99,100.0,84.71,85.87,92.88,0,1,78.18,83.38,Recommended,2
71.73,74.2,70.48,83.58,87.75,75.33,97.53,1,1,65.64,70.44,Recommended,2
96.12,94.7,89.06,85.76,99.36,69.02,98.57,1,1,68.82,83.5,Recommended,2
85.08,82.9,80.12,93.05,83.53,100.0,97.83,3,2,66.92,86.54,Highly Recommended,3
72.38,87.22,77.95,81.08,76.56,79.1,85.15,0,0,66.58,82.16,Recommended,2
84.32,77.05,76.02,71.11,85.85,84.6,92.72,0,1,72.37,76.39,Recommended,2
87.73,85.96,68.99,77.58,85.65,66.95,98.24,0,1,63.25,77.59,Recommended,2
84.22,76.01,72.1,60.5,55.49,77.94,91.79,0,1,63.95,71.76,Recommended,2
62.3,56.05,59.19,68.95,72.94,45.46,93.75,1,1,86.09,57.4,Review Required,1
70.73,67.62,68.15,54.02,72.74,74.73,96.89,1,0,65.6,71.96,Recommended,2
75.52,75.57,74.26,65.62,90.41,70.66,99.95,1,0,75.75,72.09,Recommended,2
77.26,73.64,74.62,55.8,66.13,74.65,96.39,0,1,56.66,72.82,Recommended,2
84.21,76.41,82.1,77.62,47.19,86.78,92.2,1,1,63.33,75.26,Recommended,2
79.78,67.59,79.44,70.81,75.75,59.02,87.82,0,0,51.51,65.61,Review Required,1
64.65,67.59,64.19,69.04,75.88,59.5,97.06,2,1,97.82,62.19,Review Required,1
81.8,68.22,59.14,62.33,56.49,71.43,86.42,0,4,90.63,65.77,Review Required,1
84.11,87.95,75.55,74.85,77.02,100.0,96.15,4,0,78.93,83.69,Recommended,2
83.6,82.18,76.76,87.17,100.0,76.92,98.58,0,2,100.0,83.33,Recommended,2
88.81,73.51,71.61,70.95,73.93,80.14,84.7,1,0,81.55,78.03,Recommended,2
86.34,80.96,73.02,84.84,89.36,75.31,94.62,2,0,67.42,75.9,Recommended,2
82.59,74.8,63.14,68.51,71.36,93.48,92.21,4,1,75.59,75.45,Recommended,2
77.3,79.66,75.19,82.57,60.27,55.97,97.64,0,1,90.41,66.73,Review Required,1
61.39,76.7,79.34,91.72,77.45,78.55,84.69,2,1,56.8,77.06,Recommended,2
82.3,65.61,75.15,76.79,68.96,51.8,83.31,1,1,52.41,60.5,Review Required,1
80.08,79.97,74.41,76.86,77.38,46.67,99.9,0,2,76.09,65.91,Review Required,1
80.72,78.22,74.54,82.33,79.04,79.67,97.5,1,1,61.2,80.51,Recommended,2
65.23,74.03,66.26,74.42,79.99,72.79,91.2,1,0,36.1,69.24,Review Required,1
67.19,71.74,73.49,75.3,74.28,69.67,95.45,1,1,51.36,71.25,Recommended,2
88.53,78.96,70.73,77.01,68.05,73.6,90.42,1,1,65.33,73.52,Recommended,2
77.6,74.77,81.81,75.7,82.71,100.0,97.17,0,1,70.72,78.68,Recommended,2
84.82,76.0,59.14,80.32,59.19,65.96,91.19,1,0,71.17,63.99,Review Required,1
78.28,86.41,81.21,75.55,65.25,88.17,91.88,2,2,100.0,84.32,Recommended,2
78.3,77.98,81.5,69.43,87.42,71.0,99.68,2,0,66.89,78.52,Recommended,2
87.38,99.0,96.09,80.41,99.39,96.58,88.38,0,1,74.17,93.11,Highly Recommended,3
72.84,73.5,100.0,60.45,76.41,81.54,99.34,2,0,45.61,77.51,Recommended,2
78.96,72.61,77.95,63.65,62.42,70.3,93.64,1,0,69.53,67.55,Review Required,1
73.38,62.25,56.65,70.17,62.25,84.39,88.88,2,2,75.01,71.43,Recommended,2
73.66,60.13,64.15,58.17,65.26,78.84,86.48,1,0,49.37,67.54,Review Required,1
74.91,62.76,49.31,74.07,53.72,61.47,87.85,0,3,55.99,58.52,Review Required,1
80.22,81.29,80.16,82.25,74.89,51.93,98.93,2,1,77.34,71.85,Recommended,2
73.21,78.32,70.41,60.14,86.78,70.16,94.89,2,1,61.81,67.41,Review Required,1
90.56,73.74,84.46,83.17,91.42,100.0,83.18,2,1,68.46,84.66,Recommended,2
69.05,78.5,73.38,88.06,76.18,72.98,90.56,5,1,78.11,74.34,Recommended,2
76.13,72.43,73.15,65.76,83.82,86.47,96.3,2,2,100.0,73.94,Recommended,2
73.6,75.7,70.42,82.19,59.33,90.75,97.91,0,1,66.67,78.47,Recommended,2
92.47,99.0,100.0,85.74,100.0,97.23,93.47,2,2,96.54,90.51,Highly Recommended,3
79.97,86.15,81.4,86.28,77.54,71.92,93.81,3,1,40.62,78.17,Recommended,2
88.32,82.67,100.0,70.23,86.29,58.85,94.36,1,0,72.23,71.56,Recommended,2
63.14,60.07,73.2,49.12,65.37,76.52,96.93,0,1,64.99,62.25,Review Required,1
80.67,62.25,71.51,64.75,82.54,58.73,81.58,1,2,62.01,62.82,Review Required,1
86.9,78.07,82.24,78.41,71.35,81.24,91.18,3,1,79.87,77.51,Recommended,2
78.82,76.49,81.3,74.56,85.29,63.12,97.66,0,2,66.78,75.23,Recommended,2
88.65,77.16,58.59,67.17,76.67,66.12,88.51,0,0,39.63,64.11,Review Required,1
72.83,72.93,71.91,72.05,75.01,73.34,99.9,1,0,46.17,74.1,Recommended,2
92.09,88.08,94.51,89.35,85.06,91.26,95.99,0,2,80.83,84.52,Recommended,2
99.0,90.5,87.39,87.9,80.08,72.78,91.5,1,0,45.44,82.04,Recommended,2
74.37,69.86,58.34,75.73,74.36,80.64,95.49,1,2,81.23,74.75,Recommended,2
73.54,75.83,76.35,71.38,77.94,68.71,97.71,0,1,71.87,72.68,Recommended,2
92.53,91.31,100.0,100.0,91.5,71.43,98.78,0,2,67.45,81.95,Recommended,2
93.8,79.93,92.42,69.19,82.2,82.63,86.14,1,2,68.78,75.48,Recommended,2
72.77,85.23,83.3,89.53,92.93,82.82,87.54,3,1,77.72,77.94,Recommended,2
73.8,73.87,84.92,88.53,86.47,80.44,99.93,1,1,52.34,81.6,Recommended,2
75.18,75.78,73.17,82.85,68.02,90.92,99.4,2,1,70.63,78.12,Recommended,2
64.56,73.85,58.35,74.67,85.91,65.05,90.7,1,0,52.91,64.86,Review Required,1
68.81,73.04,65.53,70.84,64.8,68.99,95.78,0,1,72.45,66.09,Review Required,1
67.96,78.2,94.28,90.1,86.05,70.75,89.76,0,1,79.7,77.87,Recommended,2
70.32,74.52,73.15,62.94,83.87,83.92,95.8,1,2,72.49,74.5,Recommended,2
77.65,72.46,71.91,66.02,57.16,74.96,94.8,0,0,79.13,65.83,Review Required,1
80.34,82.13,78.6,78.52,83.78,74.25,98.21,1,3,59.5,79.01,Recommended,2
93.51,79.3,98.52,92.89,76.24,63.27,85.8,1,0,69.07,76.13,Recommended,2
68.02,71.48,89.87,78.83,68.02,96.87,96.54,0,1,66.43,84.87,Recommended,2
87.84,84.22,100.0,74.28,97.78,73.96,96.38,1,1,65.45,83.16,Recommended,2
75.86,74.44,74.24,74.0,71.08,67.37,98.58,1,2,57.99,62.63,Review Required,1
77.51,76.23,80.13,72.21,70.77,81.84,98.72,1,2,63.52,79.66,Recommended,2
84.75,67.27,55.29,64.99,73.5,49.66,82.52,2,3,53.31,62.33,Review Required,1
66.77,65.35,83.78,80.53,78.29,56.73,98.58,1,1,44.59,63.5,Review Required,1
81.82,81.02,69.09,68.0,80.68,49.56,99.2,1,1,59.49,65.56,Review Required,1
79.66,80.04,82.2,97.12,93.09,88.55,99.62,1,2,79.39,84.51,Recommended,2
82.92,72.83,63.65,84.26,81.83,63.05,89.9,2,0,73.51,66.27,Review Required,1
80.89,89.75,81.42,98.73,66.25,100.0,91.14,2,1,51.15,87.02,Highly Recommended,3
99.0,85.37,75.66,80.13,79.76,67.48,86.37,0,1,63.91,77.4,Recommended,2
71.62,80.89,74.59,80.12,76.39,66.14,90.73,3,2,80.39,75.31,Recommended,2
72.69,77.3,72.58,64.78,84.36,68.17,95.39,0,1,63.27,69.49,Review Required,1
71.77,68.07,65.57,67.4,47.04,71.37,96.3,1,2,48.73,68.69,Review Required,1
72.45,87.91,94.27,91.48,100.0,82.23,84.53,0,0,100.0,86.36,Highly Recommended,3
71.63,63.59,56.64,82.47,75.55,70.44,91.96,0,1,67.5,66.84,Review Required,1
89.89,93.28,92.16,79.22,91.92,77.43,96.61,1,1,52.55,81.88,Recommended,2
92.21,95.55,100.0,88.23,100.0,76.64,96.66,0,0,72.57,86.28,Highly Recommended,3
72.29,68.24,66.05,71.25,96.84,47.14,95.95,1,1,68.72,60.48,Review Required,1
69.68,82.91,75.01,69.08,92.09,51.48,86.76,0,1,46.88,63.37,Review Required,1
82.71,78.9,76.87,86.14,90.14,71.09,96.19,0,0,71.4,74.61,Recommended,2
72.48,76.04,88.83,70.99,80.02,77.34,96.43,1,2,84.76,76.58,Recommended,2
84.33,84.11,85.03,81.93,82.78,75.08,99.78,0,0,66.51,78.86,Recommended,2
80.03,77.95,73.15,75.04,75.25,90.36,97.92,2,2,39.1,81.06,Recommended,2
62.84,73.48,79.95,68.54,68.7,91.11,89.37,1,2,75.13,76.07,Recommended,2
93.48,94.78,80.06,91.28,84.58,80.92,98.69,1,1,79.04,84.09,Recommended,2
95.96,76.18,83.95,76.17,65.3,57.53,80.22,0,0,61.2,70.13,Recommended,2
71.87,83.75,86.89,79.9,83.19,76.46,88.13,1,1,61.31,76.74,Recommended,2
74.12,61.59,63.11,60.83,52.03,57.68,87.46,2,1,100.0,61.36,Review Required,1
80.86,87.86,77.51,89.7,88.65,73.26,93.0,1,2,60.13,78.26,Recommended,2
81.34,88.95,77.85,100.0,87.13,73.35,92.39,0,1,53.17,79.28,Recommended,2
84.59,73.48,80.46,77.84,78.44,68.74,88.9,2,1,70.38,73.97,Recommended,2
98.1,88.38,98.58,96.83,81.88,85.15,90.28,4,0,78.62,85.67,Highly Recommended,3
76.23,67.52,64.26,58.36,100.0,60.09,91.29,2,1,77.99,67.32,Review Required,1
70.02,70.29,77.3,75.78,88.4,76.54,99.72,0,1,32.98,66.9,Review Required,1
64.21,65.48,48.24,59.86,59.08,64.81,98.73,4,2,60.09,58.59,Review Required,1
70.69,78.72,73.19,65.34,82.86,64.84,91.97,0,3,87.29,66.06,Review Required,1
77.67,87.85,85.58,79.1,80.66,99.62,89.82,0,0,74.9,84.04,Recommended,2
95.95,99.0,85.15,100.0,84.18,76.9,96.95,0,0,51.46,89.76,Highly Recommended,3
72.82,69.48,62.74,83.14,60.85,48.48,96.66,3,0,88.64,62.93,Review Required,1
80.24,77.49,71.44,81.67,84.02,79.14,97.25,0,2,84.47,74.97,Recommended,2
77.84,64.02,70.94,54.49,63.72,59.17,86.18,0,2,65.55,63.68,Review Required,1
89.88,79.47,77.73,78.67,90.72,81.74,89.59,0,0,83.19,80.82,Recommended,2
99.0,99.0,71.87,97.32,100.0,54.5,100.0,1,3,100.0,76.96,Recommended,2
72.69,86.81,63.9,87.52,99.77,91.99,85.88,0,0,54.18,88.63,Highly Recommended,3
73.11,64.3,62.16,51.57,62.2,73.65,91.19,1,0,78.33,66.0,Review Required,1
88.44,80.17,84.7,72.22,86.27,62.94,91.73,1,2,99.79,75.4,Recommended,2
84.82,82.16,54.15,81.87,89.19,51.78,97.34,1,2,79.8,69.6,Review Required,1
96.47,92.77,84.58,95.3,85.34,100.0,96.3,1,1,58.68,91.28,Highly Recommended,3
83.84,75.21,71.15,55.69,70.43,64.69,91.37,2,1,73.58,66.83,Review Required,1
74.41,78.48,92.74,78.31,96.46,73.48,95.93,2,1,90.55,83.96,Recommended,2
83.91,77.94,74.61,80.99,82.28,48.83,94.04,0,2,54.76,66.07,Review Required,1
89.09,85.25,87.76,93.17,91.33,79.99,96.16,1,2,69.55,84.9,Recommended,2
86.2,87.71,87.2,93.33,78.42,82.23,98.49,0,2,66.35,81.94,Recommended,2
83.07,81.2,59.6,87.67,70.02,79.91,98.13,1,1,60.53,74.09,Recommended,2
88.67,81.58,88.86,74.1,76.78,66.39,92.91,0,3,73.62,79.84,Recommended,2
89.69,84.91,85.84,65.36,83.5,65.05,95.22,2,3,68.49,75.01,Recommended,2
91.82,86.57,90.01,81.67,75.22,91.04,94.75,2,3,79.65,85.4,Highly Recommended,3
84.49,79.18,100.0,90.44,80.74,98.75,94.69,1,1,87.11,87.95,Highly Recommended,3
76.33,74.36,54.93,90.99,60.68,47.86,98.03,3,0,50.91,69.22,Review Required,1
79.47,91.42,100.0,96.1,77.96,100.0,88.05,2,2,71.01,97.09,Highly Recommended,3
90.07,90.53,85.03,92.67,95.27,85.67,99.53,2,0,69.2,89.03,Highly Recommended,3
69.83,69.52,75.01,77.46,80.31,85.91,99.69,2,0,73.05,82.67,Recommended,2
81.69,85.76,83.86,79.47,81.4,82.0,95.93,1,1,69.77,78.71,Recommended,2
74.07,72.18,69.89,74.22,65.9,41.56,98.11,2,1,55.29,62.59,Review Required,1
78.29,87.19,79.69,100.0,76.01,79.93,91.1,1,1,91.82,82.75,Recommended,2
90.78,89.51,90.42,78.23,84.13,99.69,98.72,1,0,98.21,85.17,Highly Recommended,3
79.91,78.08,63.39,95.8,86.54,60.86,98.17,1,1,78.2,72.71,Recommended,2
78.46,81.51,88.64,78.83,91.71,78.4,96.96,0,3,78.97,78.87,Recommended,2
64.4,55.51,57.47,77.11,59.78,58.08,91.11,0,0,71.97,62.36,Review Required,1
85.46,73.81,64.06,62.6,65.66,35.35,88.35,0,0,84.54,57.46,Review Required,1
84.45,72.57,69.93,81.66,79.02,92.05,88.11,2,3,33.35,75.49,Recommended,2
99.0,93.44,100.0,83.04,82.31,81.56,94.44,3,1,69.94,90.0,Highly Recommended,3
74.92,89.31,81.63,73.36,82.55,89.44,85.62,1,2,61.41,83.19,Recommended,2
80.19,96.98,96.32,95.07,100.0,91.28,83.21,2,1,72.19,94.23,Highly Recommended,3
80.49,84.45,76.03,94.21,92.7,94.28,96.04,1,0,86.39,86.69,Highly Recommended,3
93.77,92.65,97.07,81.4,91.58,95.76,98.87,2,2,70.29,91.37,Highly Recommended,3
77.05,62.52,73.75,53.78,56.8,66.69,85.48,1,0,64.59,62.57,Review Required,1
80.79,75.21,94.89,76.73,80.26,72.32,94.42,3,0,48.95,76.06,Recommended,2
84.08,75.55,74.91,77.01,89.0,84.76,91.47,0,1,68.36,76.77,Recommended,2
79.87,73.94,82.14,82.24,73.52,54.95,94.07,0,3,80.08,66.94,Review Required,1
73.54,73.13,75.83,85.69,90.24,82.33,99.59,0,1,57.38,75.93,Recommended,2
79.94,75.18,89.35,77.03,91.05,67.62,95.24,1,0,39.95,75.86,Recommended,2
88.74,69.28,64.77,92.05,90.75,83.65,80.54,2,0,100.0,77.07,Recommended,2
67.73,76.4,84.75,80.72,82.0,81.39,91.34,0,1,75.03,79.7,Recommended,2
79.33,69.95,70.51,70.5,80.44,78.91,90.62,0,0,66.68,71.67,Recommended,2
71.0,74.61,75.32,61.11,91.88,75.96,96.39,1,0,90.86,69.25,Review Required,1
89.95,99.0,95.17,91.67,98.79,71.64,90.95,0,1,72.12,82.55,Recommended,2
62.77,59.58,67.21,63.34,62.5,55.39,96.81,2,1,89.98,59.96,Review Required,1
72.41,53.45,58.92,72.01,58.86,68.02,81.03,1,0,88.7,58.18,Review Required,1
81.77,77.95,80.61,84.19,82.39,80.43,96.18,2,1,50.88,76.0,Recommended,2
93.66,97.37,100.0,81.36,80.3,100.0,96.29,1,1,76.9,91.47,Highly Recommended,3
77.34,92.81,99.46,91.69,88.68,96.75,84.54,0,0,95.88,90.26,Highly Recommended,3
72.45,63.88,76.6,76.43,81.4,59.59,91.43,1,0,55.02,68.3,Review Required,1
96.81,94.74,86.5,100.0,69.51,77.94,97.93,1,0,55.2,83.56,Recommended,2
63.52,63.74,58.91,78.49,85.69,65.3,99.78,1,0,57.74,67.32,Review Required,1
56.01,61.36,75.57,75.56,79.95,42.01,94.65,1,2,83.36,60.22,Review Required,1
82.4,99.0,100.0,94.9,89.72,100.0,83.4,0,2,74.27,98.0,Highly Recommended,3
72.98,62.06,81.27,72.33,74.64,77.63,89.08,3,2,40.96,71.9,Recommended,2
67.79,72.48,68.32,88.23,76.32,86.05,95.31,0,1,75.11,74.79,Recommended,2
85.08,86.3,82.43,72.08,97.98,63.52,98.78,2,1,66.22,80.79,Recommended,2
80.44,87.99,69.6,83.1,96.66,92.97,92.45,1,2,68.32,83.34,Recommended,2
72.36,74.44,71.9,69.38,63.62,100.0,97.92,5,1,57.44,80.05,Recommended,2
65.2,71.1,83.29,78.56,81.22,60.91,94.09,1,0,75.22,70.42,Recommended,2
86.72,80.57,75.77,93.7,79.73,86.79,93.85,1,0,85.76,82.43,Recommended,2
84.5,84.3,89.63,78.04,85.16,84.59,99.8,1,0,60.37,83.69,Recommended,2
77.01,74.16,73.72,53.01,70.15,55.62,97.15,2,1,44.76,62.5,Review Required,1
96.47,95.5,94.86,87.73,100.0,97.06,99.03,1,1,65.45,93.61,Highly Recommended,3
67.3,67.15,58.89,81.14,83.06,75.42,99.85,1,1,81.34,71.84,Recommended,2
62.74,69.94,73.31,79.33,67.16,65.08,92.81,1,0,63.68,67.99,Review Required,1
71.08,72.52,44.48,80.05,62.97,75.79,98.56,0,4,47.54,67.99,Review Required,1
77.54,86.29,82.85,82.6,81.82,62.65,91.25,1,0,81.45,73.76,Recommended,2
80.43,78.89,62.86,67.43,84.99,53.77,98.46,1,4,91.23,69.48,Review Required,1
75.59,61.73,78.36,73.36,71.38,72.67,86.14,1,0,70.3,66.14,Review Required,1
81.52,90.16,95.39,79.77,100.0,89.53,91.36,1,2,45.91,86.86,Highly Recommended,3
65.48,61.59,70.86,89.96,76.78,59.38,96.11,1,0,65.23,64.3,Review Required,1
92.44,82.48,97.07,88.44,92.78,96.53,90.04,2,0,72.27,83.75,Recommended,2
77.18,72.26,64.71,69.78,79.41,76.16,95.08,0,0,57.85,68.29,Review Required,1
89.17,96.42,100.0,86.38,78.67,100.0,92.76,0,0,78.75,93.53,Highly Recommended,3
81.43,62.91,76.51,68.11,67.82,69.29,81.49,0,1,56.39,64.37,Review Required,1
82.57,99.0,91.88,91.9,100.0,98.58,83.57,0,0,70.38,91.53,Highly Recommended,3
83.7,90.04,98.88,99.19,87.71,85.22,93.66,0,0,66.58,84.83,Recommended,2
82.48,82.52,70.83,84.63,88.14,100.0,99.96,1,1,79.24,83.2,Recommended,2
84.43,81.66,73.0,74.85,79.34,67.11,97.23,1,0,69.79,77.39,Recommended,2
91.29,89.19,80.81,100.0,77.35,100.0,97.9,2,0,67.05,85.9,Highly Recommended,3
79.97,83.14,77.07,83.69,82.3,79.5,96.82,0,0,57.96,81.92,Recommended,2
85.09,87.72,75.23,94.1,89.74,63.67,97.37,0,1,70.52,75.91,Recommended,2
77.1,81.42,93.29,75.91,75.81,100.0,95.69,0,2,66.1,83.73,Recommended,2
92.4,88.4,83.71,90.51,84.75,85.35,96.0,1,1,56.94,84.49,Recommended,2
71.24,71.29,76.99,78.01,66.08,84.52,99.95,0,1,72.39,75.27,Recommended,2
96.01,89.0,81.04,68.4,98.71,97.7,92.99,0,3,75.46,86.36,Highly Recommended,3
77.6,75.76,58.61,98.18,75.57,72.8,98.16,2,0,64.92,73.42,Recommended,2
63.69,76.65,80.19,91.56,93.65,70.63,87.04,1,3,83.97,76.31,Recommended,2
79.28,83.25,63.31,79.3,98.89,85.33,96.04,0,0,73.96,78.92,Recommended,2
71.19,50.0,56.81,48.98,60.19,57.73,78.81,1,1,50.74,55.6,Review Required,1
86.41,88.73,72.87,90.59,77.25,87.87,97.67,1,0,90.06,80.34,Recommended,2
71.47,74.59,95.81,78.08,56.86,57.32,96.88,1,0,81.5,67.92,Review Required,1
73.54,74.33,84.86,80.59,62.82,84.04,99.21,1,3,85.03,76.0,Recommended,2
59.1,61.27,67.01,69.8,54.92,58.65,97.84,1,2,76.01,59.19,Review Required,1
73.48,83.43,95.21,88.46,97.51,100.0,90.05,1,1,34.93,87.19,Highly Recommended,3
53.76,68.21,62.7,87.22,74.54,74.84,85.55,0,0,86.39,71.84,Recommended,2
62.16,60.33,70.68,72.91,71.92,70.28,98.17,0,1,70.91,61.14,Review Required,1
85.6,86.18,86.63,74.83,63.4,89.96,99.42,3,1,75.3,82.11,Recommended,2
85.86,75.33,79.14,91.35,66.24,64.8,89.47,2,0,78.11,71.23,Recommended,2
82.25,69.54,84.88,90.09,83.16,96.25,87.29,1,0,99.04,80.78,Recommended,2
68.33,65.82,76.69,100.0,74.62,95.9,97.49,3,2,61.81,75.67,Recommended,2
77.52,84.17,86.01,72.68,82.76,87.79,93.36,0,1,62.19,80.72,Recommended,2
77.96,85.2,67.35,87.07,90.58,95.11,92.76,2,0,57.23,81.02,Recommended,2
66.42,73.6,65.6,55.7,93.4,63.85,92.82,0,1,53.95,66.17,Review Required,1
93.03,93.92,89.22,96.28,88.66,78.69,99.11,0,0,54.23,80.17,Recommended,2
86.77,87.87,86.84,81.03,87.45,85.37,98.9,1,1,42.22,81.78,Recommended,2
75.79,70.92,61.89,93.88,77.15,73.34,95.13,1,0,76.4,69.88,Review Required,1
78.27,81.24,100.0,74.12,100.0,82.77,97.03,1,1,99.82,82.74,Recommended,2
80.08,85.46,99.26,67.93,64.12,95.34,94.62,0,2,100.0,86.96,Highly Recommended,3
57.58,69.34,78.03,68.83,80.98,77.62,88.24,1,1,57.21,71.6,Recommended,2
75.53,85.38,84.76,65.01,83.91,71.08,90.15,0,0,65.92,78.1,Recommended,2
71.18,78.49,76.75,87.46,86.04,83.32,92.69,0,1,88.5,78.55,Recommended,2
67.98,73.4,65.53,55.73,70.34,80.93,94.58,0,2,76.49,73.55,Recommended,2
75.19,84.19,83.92,84.22,83.76,84.3,91.0,2,0,72.02,84.48,Recommended,2
95.98,89.97,90.06,67.2,95.29,100.0,93.99,2,0,66.15,88.89,Highly Recommended,3
84.41,75.03,63.86,74.32,100.0,55.95,90.62,2,0,87.67,68.13,Review Required,1
72.29,72.3,77.56,92.04,84.24,80.56,99.99,0,0,53.9,76.55,Recommended,2
83.73,75.65,75.18,81.56,69.96,61.29,91.92,0,2,77.21,70.83,Recommended,2
